annotation_label_id,label_id,label_name,label_hierarchy,user_id,firstname,lastname,image_id,filename,image_longitude,image_latitude,shape_id,shape_name,points,attributes,annotation_id
169288,639,Actiniaria,"Cnidaria > Hexacorallia > Actiniaria",52,Marin,MARCILLAT,112292,20190404T030509.627385Z.jpg,-176.5684404,-21.98905775,4,Circle,"[1245.12,1126.34,115.02]","{""size"":9736113,""mimetype"":""image\/jpeg"",""width"":6000,""height"":4000,""metadata"":{""distance_to_ground"":""1.6"",""yaw"":""130.49""}}",128549
169295,719,unknown,unknown,52,Marin,MARCILLAT,112292,20190404T030509.627385Z.jpg,-176.5684404,-21.98905775,4,Circle,"[507.57,1733.52,71.63]","{""size"":9736113,""mimetype"":""image\/jpeg"",""width"":6000,""height"":4000,""metadata"":{""distance_to_ground"":""1.6"",""yaw"":""130.49""}}",128556
169296,639,Actiniaria,"Cnidaria > Hexacorallia > Actiniaria",52,Marin,MARCILLAT,112296,20190404T040808.826276Z.jpg,-176.5683563,-21.98913357,4,Circle,"[2727.54,1877.44,67.95]","{""size"":8261132,""mimetype"":""image\/jpeg"",""width"":6000,""height"":4000,""metadata"":{""distance_to_ground"":""3.6"",""yaw"":""90.46""}}",128557
169297,639,Actiniaria,"Cnidaria > Hexacorallia > Actiniaria",52,Marin,MARCILLAT,112296,20190404T040808.826276Z.jpg,-176.5683563,-21.98913357,4,Circle,"[2110.84,2862.55,57.95]","{""size"":8261132,""mimetype"":""image\/jpeg"",""width"":6000,""height"":4000,""metadata"":{""distance_to_ground"":""3.6"",""yaw"":""90.46""}}",128558
169298,639,Actiniaria,"Cnidaria > Hexacorallia > Actiniaria",52,Marin,MARCILLAT,112296,20190404T040808.826276Z.jpg,-176.5683563,-21.98913357,4,Circle,"[1826.66,2455.32,57.6]","{""size"":8261132,""mimetype"":""image\/jpeg"",""width"":6000,""height"":4000,""metadata"":{""distance_to_ground"":""3.6"",""yaw"":""90.46""}}",128559
169299,639,Actiniaria,"Cnidaria > Hexacorallia > Actiniaria",52,Marin,MARCILLAT,112296,20190404T040808.826276Z.jpg,-176.5683563,-21.98913357,4,Circle,"[2772.69,3823.69,47.4]","{""size"":8261132,""mimetype"":""image\/jpeg"",""width"":6000,""height"":4000,""metadata"":{""distance_to_ground"":""3.6"",""yaw"":""90.46""}}",128560
169300,639,Actiniaria,"Cnidaria > Hexacorallia > Actiniaria",52,Marin,MARCILLAT,112296,20190404T040808.826276Z.jpg,-176.5683563,-21.98913357,4,Circle,"[4850.1,542.24,67.72]","{""size"":8261132,""mimetype"":""image\/jpeg"",""width"":6000,""height"":4000,""metadata"":{""distance_to_ground"":""3.6"",""yaw"":""90.46""}}",128561
169301,639,Actiniaria,"Cnidaria > Hexacorallia > Actiniaria",52,Marin,MARCILLAT,112296,20190404T040808.826276Z.jpg,-176.5683563,-21.98913357,4,Circle,"[3007.33,2878.66,71]","{""size"":8261132,""mimetype"":""image\/jpeg"",""width"":6000,""height"":4000,""metadata"":{""distance_to_ground"":""3.6"",""yaw"":""90.46""}}",128562
169302,647,brachyura,"Arthropoda > Decapoda > brachyura",52,Marin,MARCILLAT,112296,20190404T040808.826276Z.jpg,-176.5683563,-21.98913357,4,Circle,"[3152.34,2768.07,94.89]","{""size"":8261132,""mimetype"":""image\/jpeg"",""width"":6000,""height"":4000,""metadata"":{""distance_to_ground"":""3.6"",""yaw"":""90.46""}}",128563
169303,647,brachyura,"Arthropoda > Decapoda > brachyura",52,Marin,MARCILLAT,112296,20190404T040808.826276Z.jpg,-176.5683563,-21.98913357,4,Circle,"[3067.38,3559.08,96.72]","{""size"":8261132,""mimetype"":""image\/jpeg"",""width"":6000,""height"":4000,""metadata"":{""distance_to_ground"":""3.6"",""yaw"":""90.46""}}",128564
169304,647,brachyura,"Arthropoda > Decapoda > brachyura",52,Marin,MARCILLAT,112296,20190404T040808.826276Z.jpg,-176.5683563,-21.98913357,4,Circle,"[826.17,600.83,109.32]","{""size"":8261132,""mimetype"":""image\/jpeg"",""width"":6000,""height"":4000,""metadata"":{""distance_to_ground"":""3.6"",""yaw"":""90.46""}}",128565
169305,647,brachyura,"Arthropoda > Decapoda > brachyura",52,Marin,MARCILLAT,112296,20190404T040808.826276Z.jpg,-176.5683563,-21.98913357,4,Circle,"[2339.36,3720.95,60.34]","{""size"":8261132,""mimetype"":""image\/jpeg"",""width"":6000,""height"":4000,""metadata"":{""distance_to_ground"":""3.6"",""yaw"":""90.46""}}",128566
169306,647,brachyura,"Arthropoda > Decapoda > brachyura",52,Marin,MARCILLAT,112296,20190404T040808.826276Z.jpg,-176.5683563,-21.98913357,4,Circle,"[4320.56,2558.23,73.72]","{""size"":8261132,""mimetype"":""image\/jpeg"",""width"":6000,""height"":4000,""metadata"":{""distance_to_ground"":""3.6"",""yaw"":""90.46""}}",128567
169307,647,brachyura,"Arthropoda > Decapoda > brachyura",52,Marin,MARCILLAT,112296,20190404T040808.826276Z.jpg,-176.5683563,-21.98913357,4,Circle,"[4448.73,2135.99,56.14]","{""size"":8261132,""mimetype"":""image\/jpeg"",""width"":6000,""height"":4000,""metadata"":{""distance_to_ground"":""3.6"",""yaw"":""90.46""}}",128568
169309,647,brachyura,"Arthropoda > Decapoda > brachyura",52,Marin,MARCILLAT,112296,20190404T040808.826276Z.jpg,-176.5683563,-21.98913357,4,Circle,"[2121.83,284.06,62.29]","{""size"":8261132,""mimetype"":""image\/jpeg"",""width"":6000,""height"":4000,""metadata"":{""distance_to_ground"":""3.6"",""yaw"":""90.46""}}",128570
169311,639,Actiniaria,"Cnidaria > Hexacorallia > Actiniaria",52,Marin,MARCILLAT,112296,20190404T040808.826276Z.jpg,-176.5683563,-21.98913357,4,Circle,"[215.33,1777.1,52.02]","{""size"":8261132,""mimetype"":""image\/jpeg"",""width"":6000,""height"":4000,""metadata"":{""distance_to_ground"":""3.6"",""yaw"":""90.46""}}",128572
169312,639,Actiniaria,"Cnidaria > Hexacorallia > Actiniaria",52,Marin,MARCILLAT,112296,20190404T040808.826276Z.jpg,-176.5683563,-21.98913357,4,Circle,"[728.03,1384.52,54.36]","{""size"":8261132,""mimetype"":""image\/jpeg"",""width"":6000,""height"":4000,""metadata"":{""distance_to_ground"":""3.6"",""yaw"":""90.46""}}",128573
169313,639,Actiniaria,"Cnidaria > Hexacorallia > Actiniaria",52,Marin,MARCILLAT,112296,20190404T040808.826276Z.jpg,-176.5683563,-21.98913357,4,Circle,"[90.82,1286.38,59.25]","{""size"":8261132,""mimetype"":""image\/jpeg"",""width"":6000,""height"":4000,""metadata"":{""distance_to_ground"":""3.6"",""yaw"":""90.46""}}",128574
169314,645,caridea,"Arthropoda > Decapoda > caridea",52,Marin,MARCILLAT,112296,20190404T040808.826276Z.jpg,-176.5683563,-21.98913357,4,Circle,"[5022.95,3748.78,67.4]","{""size"":8261132,""mimetype"":""image\/jpeg"",""width"":6000,""height"":4000,""metadata"":{""distance_to_ground"":""3.6"",""yaw"":""90.46""}}",128575
169318,639,Actiniaria,"Cnidaria > Hexacorallia > Actiniaria",52,Marin,MARCILLAT,112296,20190404T040808.826276Z.jpg,-176.5683563,-21.98913357,4,Circle,"[3187.5,2317.63,39.55]","{""size"":8261132,""mimetype"":""image\/jpeg"",""width"":6000,""height"":4000,""metadata"":{""distance_to_ground"":""3.6"",""yaw"":""90.46""}}",128579
169325,639,Actiniaria,"Cnidaria > Hexacorallia > Actiniaria",52,Marin,MARCILLAT,112296,20190404T040808.826276Z.jpg,-176.5683563,-21.98913357,4,Circle,"[5153.32,45.65,58.98]","{""size"":8261132,""mimetype"":""image\/jpeg"",""width"":6000,""height"":4000,""metadata"":{""distance_to_ground"":""3.6"",""yaw"":""90.46""}}",128586
169326,639,Actiniaria,"Cnidaria > Hexacorallia > Actiniaria",52,Marin,MARCILLAT,112296,20190404T040808.826276Z.jpg,-176.5683563,-21.98913357,4,Circle,"[5021.48,1592.53,47.44]","{""size"":8261132,""mimetype"":""image\/jpeg"",""width"":6000,""height"":4000,""metadata"":{""distance_to_ground"":""3.6"",""yaw"":""90.46""}}",128587
169327,639,Actiniaria,"Cnidaria > Hexacorallia > Actiniaria",52,Marin,MARCILLAT,112296,20190404T040808.826276Z.jpg,-176.5683563,-21.98913357,4,Circle,"[5093.26,1529.54,39.44]","{""size"":8261132,""mimetype"":""image\/jpeg"",""width"":6000,""height"":4000,""metadata"":{""distance_to_ground"":""3.6"",""yaw"":""90.46""}}",128588
169333,645,caridea,"Arthropoda > Decapoda > caridea",52,Marin,MARCILLAT,112296,20190404T040808.826276Z.jpg,-176.5683563,-21.98913357,4,Circle,"[5006.84,1098.88,72.02]","{""size"":8261132,""mimetype"":""image\/jpeg"",""width"":6000,""height"":4000,""metadata"":{""distance_to_ground"":""3.6"",""yaw"":""90.46""}}",128594
169334,647,brachyura,"Arthropoda > Decapoda > brachyura",52,Marin,MARCILLAT,112296,20190404T040808.826276Z.jpg,-176.5683563,-21.98913357,4,Circle,"[4167.48,171.63,67.53]","{""size"":8261132,""mimetype"":""image\/jpeg"",""width"":6000,""height"":4000,""metadata"":{""distance_to_ground"":""3.6"",""yaw"":""90.46""}}",128595
169339,639,Actiniaria,"Cnidaria > Hexacorallia > Actiniaria",52,Marin,MARCILLAT,112296,20190404T040808.826276Z.jpg,-176.5683563,-21.98913357,4,Circle,"[5594.24,2779.05,55.16]","{""size"":8261132,""mimetype"":""image\/jpeg"",""width"":6000,""height"":4000,""metadata"":{""distance_to_ground"":""3.6"",""yaw"":""90.46""}}",128600
169343,645,caridea,"Arthropoda > Decapoda > caridea",52,Marin,MARCILLAT,112296,20190404T040808.826276Z.jpg,-176.5683563,-21.98913357,4,Circle,"[5900.39,3159.91,82.16]","{""size"":8261132,""mimetype"":""image\/jpeg"",""width"":6000,""height"":4000,""metadata"":{""distance_to_ground"":""3.6"",""yaw"":""90.46""}}",128604
169344,639,Actiniaria,"Cnidaria > Hexacorallia > Actiniaria",52,Marin,MARCILLAT,112296,20190404T040808.826276Z.jpg,-176.5683563,-21.98913357,4,Circle,"[3971.19,3167.24,38.11]","{""size"":8261132,""mimetype"":""image\/jpeg"",""width"":6000,""height"":4000,""metadata"":{""distance_to_ground"":""3.6"",""yaw"":""90.46""}}",128605
169345,639,Actiniaria,"Cnidaria > Hexacorallia > Actiniaria",52,Marin,MARCILLAT,112296,20190404T040808.826276Z.jpg,-176.5683563,-21.98913357,4,Circle,"[3974.12,3073.49,42.18]","{""size"":8261132,""mimetype"":""image\/jpeg"",""width"":6000,""height"":4000,""metadata"":{""distance_to_ground"":""3.6"",""yaw"":""90.46""}}",128606
169348,645,caridea,"Arthropoda > Decapoda > caridea",52,Marin,MARCILLAT,112296,20190404T040808.826276Z.jpg,-176.5683563,-21.98913357,4,Circle,"[1564.45,580.32,71.06]","{""size"":8261132,""mimetype"":""image\/jpeg"",""width"":6000,""height"":4000,""metadata"":{""distance_to_ground"":""3.6"",""yaw"":""90.46""}}",128609
169352,639,Actiniaria,"Cnidaria > Hexacorallia > Actiniaria",52,Marin,MARCILLAT,112296,20190404T040808.826276Z.jpg,-176.5683563,-21.98913357,4,Circle,"[5000.98,793.82,49.92]","{""size"":8261132,""mimetype"":""image\/jpeg"",""width"":6000,""height"":4000,""metadata"":{""distance_to_ground"":""3.6"",""yaw"":""90.46""}}",128613
169421,721,Bivalvia_patch,"Mollusca > Bivavia > Bivalvia_patch",52,Marin,MARCILLAT,112296,20190404T040808.826276Z.jpg,-176.5683563,-21.98913357,3,Polygon,"[4189,2562,4192,2565,4192,2573,4195,2576,4215,2576,4221,2570,4224,2570,4227,2573,4227,2582,4230,2585,4230,2591,4233,2594,4233,2600,4236,2603,4236,2606,4239,2609,4239,2611,4240,2612,4235.91,2616.98,4232.52,2623.32,4230.44,2630.19,4229.74,2637.33,4229.77,2637.7,4229.74,2638.06,4229.77,2638.43,4229.74,2638.79,4229.84,2639.89,4229.74,2640.99,4229.84,2642.09,4229.74,2643.19,4229.77,2643.56,4229.74,2643.92,4229.81,2644.65,4229.74,2645.39,4229.81,2646.12,4229.74,2646.85,4229.84,2647.95,4229.74,2649.05,4229.81,2649.78,4229.74,2650.51,4229.84,2651.61,4229.74,2652.71,4229.88,2654.18,4229.74,2655.64,4229.81,2656.37,4229.74,2657.1,4229.88,2658.57,4229.74,2660.03,4230.44,2667.18,4230.99,2668.99,4231.17,2670.84,4231.21,2670.96,4231.2,2671.02,4231.91,2678.17,4233.22,2682.5,4233.37,2684.02,4235.45,2690.89,4236.78,2693.38,4236.92,2693.82,4239.74,2699.09,4240.58,2701.88,4243.97,2708.21,4244.51,2708.87,4246.89,2713.34,4248.71,2715.55,4249.09,2716.27,4249.78,2717.11,4251.29,2719.93,4251.98,2720.77,4253.49,2723.59,4255.99,2726.64,4256.57,2727.73,4256.81,2730.17,4258.89,2737.04,4262.28,2743.37,4266.83,2748.92,4267.23,2749.25,4267.56,2749.65,4267.96,2749.98,4268.29,2750.38,4273.84,2754.94,4280.18,2758.32,4287.05,2760.41,4294.19,2761.11,4301.33,2760.41,4308.2,2758.32,4314.54,2754.94,4320.08,2750.38,4324.64,2744.83,4328.02,2738.5,4329.26,2734.43,4330.18,2734.15,4336.51,2730.77,4342.06,2726.21,4346.61,2720.66,4350,2714.33,4350.71,2711.98,4352.19,2709.21,4353.35,2705.38,4353.66,2704.81,4355.55,2698.58,4355.99,2698.04,4356.61,2698.54,4361.34,2701.07,4365.4,2704.4,4368.94,2706.3,4370.46,2707.54,4373.76,2711.56,4376.58,2713.88,4378.89,2716.69,4380.9,2718.34,4382.55,2720.35,4388.1,2724.91,4390.92,2726.41,4391.28,2726.7,4392.07,2727.68,4397.62,2732.23,4400.42,2733.73,4400.86,2734.27,4402.07,2735.26,4403.06,2736.47,4403.87,2737.13,4404.53,2737.93,4406.54,2739.58,4408.19,2741.59,4413.74,2746.15,4414.46,2746.54,4416.18,2747.95,4416.98,2748.92,4422.53,2753.47,4428.86,2756.86,4429.29,2756.99,4429.92,2757.33,4430.16,2757.52,4431.1,2766.97,4435.26,2780.71,4442.03,2793.38,4451.14,2804.48,4462.24,2813.58,4474.9,2820.35,4488.64,2824.52,4502.93,2825.93,4517.22,2824.52,4530.96,2820.35,4543.62,2813.58,4554.72,2804.48,4555.38,2803.67,4556.19,2803.01,4558.17,2800.6,4560.58,2798.62,4569.69,2787.52,4576.46,2774.86,4576.85,2773.54,4577.1,2773.08,4578.48,2771.4,4579.1,2770.25,4590.62,2776.41,4604.36,2780.58,4618.65,2781.98,4632.94,2780.58,4646.68,2776.41,4659.34,2769.64,4670.44,2760.53,4679.55,2749.43,4686.32,2736.77,4690.49,2723.03,4691.9,2708.74,4691.82,2708.01,4691.9,2707.28,4690.49,2692.99,4689.6,2690.07,4689.32,2687.18,4697.13,2677.65,4703.9,2664.99,4708.07,2651.25,4709.47,2636.96,4709.4,2636.23,4709.47,2635.5,4709.4,2634.77,4709.47,2634.03,4709.33,2632.57,4709.47,2631.1,4709.4,2630.37,4709.47,2629.64,4708.07,2615.35,4703.9,2601.61,4697.13,2588.95,4688.02,2577.85,4687.22,2577.19,4686.56,2576.38,4675.46,2567.28,4662.79,2560.51,4658.97,2559.35,4658.4,2559.04,4653.7,2557.62,4648.15,2554.65,4634.41,2550.48,4633.81,2550.42,4633.5,2550.25,4621.59,2546.64,4617.38,2544.39,4616.51,2544.13,4611.53,2541.46,4611.09,2541.33,4608.6,2540,4602,2538,4602,2535,4611,2526,4614,2529,4623,2529,4625,2532,4631,2532,4634,2529,4655,2529,4655,2526,4658,2524,4661,2526,4667,2521,4667,2515,4661,2515,4658,2518,4652,2512,4649,2512,4640,2503,4625,2503,4623,2500,4617,2500,4611,2494,4608,2494,4602,2488,4587,2488,4582,2483,4579,2483,4576,2480,4576,2477,4573,2474,4573,2462,4570,2462,4564,2468,4561,2465,4535,2465,4535,2471,4532,2474,4529,2474,4529,2477,4523,2483,4517,2483,4511,2477,4508,2477,4502,2471,4502,2468,4497,2462,4497,2456,4494,2453,4479,2453,4476,2450,4473,2450,4464,2442,4464,2439,4461,2436,4461,2418,4459,2415,4456,2415,4453,2412,4450,2412,4450,2415,4447,2418,4444,2415,4444,2418,4441,2421,4438,2421,4432,2427,4426,2427,4423,2430,4420,2427,4417,2427,4415,2430,4412,2427,4409,2430,4409,2442,4406,2444,4400,2444,4397,2442,4382,2442,4382,2444,4388,2450,4394,2450,4397,2453,4397,2459,4394,2462,4394,2474,4388,2480,4388,2500,4391,2503,4391,2512,4382,2521,4376,2521,4371,2515,4371,2512,4368,2509,4368,2506,4365,2503,4365,2491,4362,2491,4359,2488,4356,2488,4353,2491,4350,2491,4347,2488,4341,2494,4341,2497,4338,2500,4338,2503,4330,2512,4324,2512,4321,2509,4321,2503,4318,2500,4306,2500,4303,2503,4303,2506,4297,2512,4300,2515,4297,2518,4292,2518,4292,2521,4300,2529,4303,2529,4306,2532,4306,2538,4303,2541,4300,2541,4297,2544,4292,2544,4280,2532,4280,2518,4274,2512,4256,2512,4253,2515,4250,2512,4250,2494,4239,2494,4239,2497,4221,2515,4218,2512,4198,2512,4195,2515,4195,2518,4192,2521,4192,2526,4189,2529,4189,2562]","{""size"":8261132,""mimetype"":""image\/jpeg"",""width"":6000,""height"":4000,""metadata"":{""distance_to_ground"":""3.6"",""yaw"":""90.46""}}",128653
170069,698,"diffusion area","Hydrothermal activity > diffusion area",52,Marin,MARCILLAT,112295,20190404T040905.825262Z.jpg,-176.5683785,-21.98912914,3,Polygon,"[5267.58,1418.95,5542.97,24.41,4335.94,-10.74,4376.95,1799.8,4898.44,1735.35,5267.58,1418.95]","{""size"":9172840,""mimetype"":""image\/jpeg"",""width"":6000,""height"":4000,""metadata"":{""distance_to_ground"":""3.8"",""yaw"":""91.23""}}",129272
170177,647,brachyura,"Arthropoda > Decapoda > brachyura",52,Marin,MARCILLAT,112295,20190404T040905.825262Z.jpg,-176.5683785,-21.98912914,4,Circle,"[2934.08,3682.86,70.45]","{""size"":9172840,""mimetype"":""image\/jpeg"",""width"":6000,""height"":4000,""metadata"":{""distance_to_ground"":""3.8"",""yaw"":""91.23""}}",129378
170180,647,brachyura,"Arthropoda > Decapoda > brachyura",52,Marin,MARCILLAT,112295,20190404T040905.825262Z.jpg,-176.5683785,-21.98912914,4,Circle,"[4003.42,3145.26,56.98]","{""size"":9172840,""mimetype"":""image\/jpeg"",""width"":6000,""height"":4000,""metadata"":{""distance_to_ground"":""3.8"",""yaw"":""91.23""}}",129381
170183,647,brachyura,"Arthropoda > Decapoda > brachyura",52,Marin,MARCILLAT,112295,20190404T040905.825262Z.jpg,-176.5683785,-21.98912914,4,Circle,"[4806.15,427.98,78.75]","{""size"":9172840,""mimetype"":""image\/jpeg"",""width"":6000,""height"":4000,""metadata"":{""distance_to_ground"":""3.8"",""yaw"":""91.23""}}",129384
170184,647,brachyura,"Arthropoda > Decapoda > brachyura",52,Marin,MARCILLAT,112295,20190404T040905.825262Z.jpg,-176.5683785,-21.98912914,4,Circle,"[4182.13,294.68,100.89]","{""size"":9172840,""mimetype"":""image\/jpeg"",""width"":6000,""height"":4000,""metadata"":{""distance_to_ground"":""3.8"",""yaw"":""91.23""}}",129385
170185,647,brachyura,"Arthropoda > Decapoda > brachyura",52,Marin,MARCILLAT,112295,20190404T040905.825262Z.jpg,-176.5683785,-21.98912914,4,Circle,"[5273.44,942.14,100]","{""size"":9172840,""mimetype"":""image\/jpeg"",""width"":6000,""height"":4000,""metadata"":{""distance_to_ground"":""3.8"",""yaw"":""91.23""}}",129386
170189,645,caridea,"Arthropoda > Decapoda > caridea",52,Marin,MARCILLAT,112295,20190404T040905.825262Z.jpg,-176.5683785,-21.98912914,4,Circle,"[3432.13,3568.6,54.2]","{""size"":9172840,""mimetype"":""image\/jpeg"",""width"":6000,""height"":4000,""metadata"":{""distance_to_ground"":""3.8"",""yaw"":""91.23""}}",129390
170227,645,caridea,"Arthropoda > Decapoda > caridea",52,Marin,MARCILLAT,112295,20190404T040905.825262Z.jpg,-176.5683785,-21.98912914,4,Circle,"[1898.44,2511.72,56.54]","{""size"":9172840,""mimetype"":""image\/jpeg"",""width"":6000,""height"":4000,""metadata"":{""distance_to_ground"":""3.8"",""yaw"":""91.23""}}",129428
170252,645,caridea,"Arthropoda > Decapoda > caridea",52,Marin,MARCILLAT,112295,20190404T040905.825262Z.jpg,-176.5683785,-21.98912914,4,Circle,"[3065.92,1487.79,39.66]","{""size"":9172840,""mimetype"":""image\/jpeg"",""width"":6000,""height"":4000,""metadata"":{""distance_to_ground"":""3.8"",""yaw"":""91.23""}}",129453
170253,645,caridea,"Arthropoda > Decapoda > caridea",52,Marin,MARCILLAT,112295,20190404T040905.825262Z.jpg,-176.5683785,-21.98912914,4,Circle,"[3262.21,1534.67,49.83]","{""size"":9172840,""mimetype"":""image\/jpeg"",""width"":6000,""height"":4000,""metadata"":{""distance_to_ground"":""3.8"",""yaw"":""91.23""}}",129454
170254,645,caridea,"Arthropoda > Decapoda > caridea",52,Marin,MARCILLAT,112295,20190404T040905.825262Z.jpg,-176.5683785,-21.98912914,4,Circle,"[2863.77,1417.48,54.91]","{""size"":9172840,""mimetype"":""image\/jpeg"",""width"":6000,""height"":4000,""metadata"":{""distance_to_ground"":""3.8"",""yaw"":""91.23""}}",129455
170256,645,caridea,"Arthropoda > Decapoda > caridea",52,Marin,MARCILLAT,112295,20190404T040905.825262Z.jpg,-176.5683785,-21.98912914,4,Circle,"[2600.1,958.98,52.28]","{""size"":9172840,""mimetype"":""image\/jpeg"",""width"":6000,""height"":4000,""metadata"":{""distance_to_ground"":""3.8"",""yaw"":""91.23""}}",129457
170258,645,caridea,"Arthropoda > Decapoda > caridea",52,Marin,MARCILLAT,112295,20190404T040905.825262Z.jpg,-176.5683785,-21.98912914,4,Circle,"[3392.58,626.46,59.05]","{""size"":9172840,""mimetype"":""image\/jpeg"",""width"":6000,""height"":4000,""metadata"":{""distance_to_ground"":""3.8"",""yaw"":""91.23""}}",129459
170261,645,caridea,"Arthropoda > Decapoda > caridea",52,Marin,MARCILLAT,112295,20190404T040905.825262Z.jpg,-176.5683785,-21.98912914,4,Circle,"[2749.51,506.35,38.09]","{""size"":9172840,""mimetype"":""image\/jpeg"",""width"":6000,""height"":4000,""metadata"":{""distance_to_ground"":""3.8"",""yaw"":""91.23""}}",129462
170267,645,caridea,"Arthropoda > Decapoda > caridea",52,Marin,MARCILLAT,112295,20190404T040905.825262Z.jpg,-176.5683785,-21.98912914,4,Circle,"[4530.76,2659.67,53.26]","{""size"":9172840,""mimetype"":""image\/jpeg"",""width"":6000,""height"":4000,""metadata"":{""distance_to_ground"":""3.8"",""yaw"":""91.23""}}",129468
170271,645,caridea,"Arthropoda > Decapoda > caridea",52,Marin,MARCILLAT,112295,20190404T040905.825262Z.jpg,-176.5683785,-21.98912914,4,Circle,"[5923.83,516.6,51.16]","{""size"":9172840,""mimetype"":""image\/jpeg"",""width"":6000,""height"":4000,""metadata"":{""distance_to_ground"":""3.8"",""yaw"":""91.23""}}",129472
170274,639,Actiniaria,"Cnidaria > Hexacorallia > Actiniaria",52,Marin,MARCILLAT,112295,20190404T040835.714750Z.jpg,-176.5683785,-21.98912914,4,Circle,"[2904.79,257.32,82.62]","{""size"":9172840,""mimetype"":""image\/jpeg"",""width"":6000,""height"":4000,""metadata"":{""distance_to_ground"":""3.8"",""yaw"":""91.23""}}",129475
170275,639,Actiniaria,"Cnidaria > Hexacorallia > Actiniaria",52,Marin,MARCILLAT,112295,20190404T040835.714750Z.jpg,-176.5683785,-21.98912914,4,Circle,"[3092.29,321.78,64.2]","{""size"":9172840,""mimetype"":""image\/jpeg"",""width"":6000,""height"":4000,""metadata"":{""distance_to_ground"":""3.8"",""yaw"":""91.23""}}",129476
170277,639,Actiniaria,"Cnidaria > Hexacorallia > Actiniaria",52,Marin,MARCILLAT,112295,20190404T040835.714750Z.jpg,-176.5683785,-21.98912914,4,Circle,"[3273.93,213.38,44.07]","{""size"":9172840,""mimetype"":""image\/jpeg"",""width"":6000,""height"":4000,""metadata"":{""distance_to_ground"":""3.8"",""yaw"":""91.23""}}",129478
170279,639,Actiniaria,"Cnidaria > Hexacorallia > Actiniaria",52,Marin,MARCILLAT,112295,20190404T040835.714750Z.jpg,-176.5683785,-21.98912914,4,Circle,"[3465.82,964.84,42.66]","{""size"":9172840,""mimetype"":""image\/jpeg"",""width"":6000,""height"":4000,""metadata"":{""distance_to_ground"":""3.8"",""yaw"":""91.23""}}",129480
170282,639,Actiniaria,"Cnidaria > Hexacorallia > Actiniaria",52,Marin,MARCILLAT,112295,20190404T040835.714750Z.jpg,-176.5683785,-21.98912914,4,Circle,"[2500.49,1165.53,48.43]","{""size"":9172840,""mimetype"":""image\/jpeg"",""width"":6000,""height"":4000,""metadata"":{""distance_to_ground"":""3.8"",""yaw"":""91.23""}}",129483
170283,639,Actiniaria,"Cnidaria > Hexacorallia > Actiniaria",52,Marin,MARCILLAT,112295,20190404T040835.714750Z.jpg,-176.5683785,-21.98912914,4,Circle,"[2033.2,444.82,62.08]","{""size"":9172840,""mimetype"":""image\/jpeg"",""width"":6000,""height"":4000,""metadata"":{""distance_to_ground"":""3.8"",""yaw"":""91.23""}}",129484
170317,645,caridea,"Arthropoda > Decapoda > caridea",52,Marin,MARCILLAT,112295,20190404T040835.714750Z.jpg,-176.5683785,-21.98912914,4,Circle,"[5534.91,1104,53.51]","{""size"":9172840,""mimetype"":""image\/jpeg"",""width"":6000,""height"":4000,""metadata"":{""distance_to_ground"":""3.8"",""yaw"":""91.23""}}",129517
170318,639,Actiniaria,"Cnidaria > Hexacorallia > Actiniaria",52,Marin,MARCILLAT,112295,20190404T040835.714750Z.jpg,-176.5683785,-21.98912914,4,Circle,"[5387.7,497.56,51.79]","{""size"":9172840,""mimetype"":""image\/jpeg"",""width"":6000,""height"":4000,""metadata"":{""distance_to_ground"":""3.8"",""yaw"":""91.23""}}",129518
170320,645,caridea,"Arthropoda > Decapoda > caridea",52,Marin,MARCILLAT,112295,20190404T040835.714750Z.jpg,-176.5683785,-21.98912914,4,Circle,"[4980.47,2168.95,65.8]","{""size"":9172840,""mimetype"":""image\/jpeg"",""width"":6000,""height"":4000,""metadata"":{""distance_to_ground"":""3.8"",""yaw"":""91.23""}}",129520
170321,639,Actiniaria,"Cnidaria > Hexacorallia > Actiniaria",52,Marin,MARCILLAT,112295,20190404T040835.714750Z.jpg,-176.5683785,-21.98912914,4,Circle,"[5614.75,2179.93,33.6]","{""size"":9172840,""mimetype"":""image\/jpeg"",""width"":6000,""height"":4000,""metadata"":{""distance_to_ground"":""3.8"",""yaw"":""91.23""}}",129521
170322,639,Actiniaria,"Cnidaria > Hexacorallia > Actiniaria",52,Marin,MARCILLAT,112295,20190404T040835.714750Z.jpg,-176.5683785,-21.98912914,4,Circle,"[5704.1,2133.06,40.36]","{""size"":9172840,""mimetype"":""image\/jpeg"",""width"":6000,""height"":4000,""metadata"":{""distance_to_ground"":""3.8"",""yaw"":""91.23""}}",129522
170325,645,caridea,"Arthropoda > Decapoda > caridea",52,Marin,MARCILLAT,112295,20190404T040835.714750Z.jpg,-176.5683785,-21.98912914,4,Circle,"[5775.88,1566.89,60.4]","{""size"":9172840,""mimetype"":""image\/jpeg"",""width"":6000,""height"":4000,""metadata"":{""distance_to_ground"":""3.8"",""yaw"":""91.23""}}",129525
170328,645,caridea,"Arthropoda > Decapoda > caridea",52,Marin,MARCILLAT,112295,20190404T040835.714750Z.jpg,-176.5683785,-21.98912914,4,Circle,"[5912.11,1713.38,47.17]","{""size"":9172840,""mimetype"":""image\/jpeg"",""width"":6000,""height"":4000,""metadata"":{""distance_to_ground"":""3.8"",""yaw"":""91.23""}}",129528
170329,639,Actiniaria,"Cnidaria > Hexacorallia > Actiniaria",52,Marin,MARCILLAT,112295,20190404T040835.714750Z.jpg,-176.5683785,-21.98912914,4,Circle,"[5840.33,1433.59,34.48]","{""size"":9172840,""mimetype"":""image\/jpeg"",""width"":6000,""height"":4000,""metadata"":{""distance_to_ground"":""3.8"",""yaw"":""91.23""}}",129529
170330,639,Actiniaria,"Cnidaria > Hexacorallia > Actiniaria",52,Marin,MARCILLAT,112295,20190404T040835.714750Z.jpg,-176.5683785,-21.98912914,4,Circle,"[3396.97,269.04,38.09]","{""size"":9172840,""mimetype"":""image\/jpeg"",""width"":6000,""height"":4000,""metadata"":{""distance_to_ground"":""3.8"",""yaw"":""91.23""}}",129530
170333,639,Actiniaria,"Cnidaria > Hexacorallia > Actiniaria",52,Marin,MARCILLAT,112295,20190404T040835.714750Z.jpg,-176.5683785,-21.98912914,4,Circle,"[71.78,1082.03,58.76]","{""size"":9172840,""mimetype"":""image\/jpeg"",""width"":6000,""height"":4000,""metadata"":{""distance_to_ground"":""3.8"",""yaw"":""91.23""}}",129533
170335,639,Actiniaria,"Cnidaria > Hexacorallia > Actiniaria",52,Marin,MARCILLAT,112295,20190404T040835.714750Z.jpg,-176.5683785,-21.98912914,4,Circle,"[440.92,1165.53,52.94]","{""size"":9172840,""mimetype"":""image\/jpeg"",""width"":6000,""height"":4000,""metadata"":{""distance_to_ground"":""3.8"",""yaw"":""91.23""}}",129535
170339,645,caridea,"Arthropoda > Decapoda > caridea",52,Marin,MARCILLAT,112295,20190404T040835.714750Z.jpg,-176.5683785,-21.98912914,4,Circle,"[5692.38,2280.27,57.73]","{""size"":9172840,""mimetype"":""image\/jpeg"",""width"":6000,""height"":4000,""metadata"":{""distance_to_ground"":""3.8"",""yaw"":""91.23""}}",129539
170340,645,caridea,"Arthropoda > Decapoda > caridea",52,Marin,MARCILLAT,112295,20190404T040835.714750Z.jpg,-176.5683785,-21.98912914,4,Circle,"[5367.19,2546.88,61.54]","{""size"":9172840,""mimetype"":""image\/jpeg"",""width"":6000,""height"":4000,""metadata"":{""distance_to_ground"":""3.8"",""yaw"":""91.23""}}",129540
170341,639,Actiniaria,"Cnidaria > Hexacorallia > Actiniaria",52,Marin,MARCILLAT,112295,20190404T040835.714750Z.jpg,-176.5683785,-21.98912914,4,Circle,"[4379.88,2910.16,52.35]","{""size"":9172840,""mimetype"":""image\/jpeg"",""width"":6000,""height"":4000,""metadata"":{""distance_to_ground"":""3.8"",""yaw"":""91.23""}}",129541
170343,645,caridea,"Arthropoda > Decapoda > caridea",52,Marin,MARCILLAT,112295,20190404T040835.714750Z.jpg,-176.5683785,-21.98912914,4,Circle,"[3629.88,2042.97,29.52]","{""size"":9172840,""mimetype"":""image\/jpeg"",""width"":6000,""height"":4000,""metadata"":{""distance_to_ground"":""3.8"",""yaw"":""91.23""}}",129543
171088,639,Actiniaria,"Cnidaria > Hexacorallia > Actiniaria",52,Marin,MARCILLAT,112295,20190404T040835.714750Z.jpg,-176.5683785,-21.98912914,4,Circle,"[1725.59,1648.93,47.17]","{""size"":9172840,""mimetype"":""image\/jpeg"",""width"":6000,""height"":4000,""metadata"":{""distance_to_ground"":""3.8"",""yaw"":""91.23""}}",129491
171089,639,Actiniaria,"Cnidaria > Hexacorallia > Actiniaria",52,Marin,MARCILLAT,112295,20190404T040835.714750Z.jpg,-176.5683785,-21.98912914,4,Circle,"[2879.88,2675.78,72.06]","{""size"":9172840,""mimetype"":""image\/jpeg"",""width"":6000,""height"":4000,""metadata"":{""distance_to_ground"":""3.8"",""yaw"":""91.23""}}",129492
171090,639,Actiniaria,"Cnidaria > Hexacorallia > Actiniaria",52,Marin,MARCILLAT,112295,20190404T040835.714750Z.jpg,-176.5683785,-21.98912914,4,Circle,"[2903.32,2825.2,61.17]","{""size"":9172840,""mimetype"":""image\/jpeg"",""width"":6000,""height"":4000,""metadata"":{""distance_to_ground"":""3.8"",""yaw"":""91.23""}}",129493
171091,639,Actiniaria,"Cnidaria > Hexacorallia > Actiniaria",52,Marin,MARCILLAT,112295,20190404T040835.714750Z.jpg,-176.5683785,-21.98912914,4,Circle,"[4180.66,2296.39,44.62]","{""size"":9172840,""mimetype"":""image\/jpeg"",""width"":6000,""height"":4000,""metadata"":{""distance_to_ground"":""3.8"",""yaw"":""91.23""}}",129497
171092,639,Actiniaria,"Cnidaria > Hexacorallia > Actiniaria",52,Marin,MARCILLAT,112295,20190404T040835.714750Z.jpg,-176.5683785,-21.98912914,4,Circle,"[4820.8,2328.61,69.24]","{""size"":9172840,""mimetype"":""image\/jpeg"",""width"":6000,""height"":4000,""metadata"":{""distance_to_ground"":""3.8"",""yaw"":""91.23""}}",129498
171093,639,Actiniaria,"Cnidaria > Hexacorallia > Actiniaria",52,Marin,MARCILLAT,112295,20190404T040926.675090Z.jpg,-176.5683785,-21.98912914,4,Circle,"[4892.58,2352.05,56.35]","{""size"":9172840,""mimetype"":""image\/jpeg"",""width"":6000,""height"":4000,""metadata"":{""distance_to_ground"":""3.8"",""yaw"":""91.23""}}",129499
171094,639,Actiniaria,"Cnidaria > Hexacorallia > Actiniaria",52,Marin,MARCILLAT,112295,20190404T040926.675090Z.jpg,-176.5683785,-21.98912914,4,Circle,"[4450.2,2410.64,51.96]","{""size"":9172840,""mimetype"":""image\/jpeg"",""width"":6000,""height"":4000,""metadata"":{""distance_to_ground"":""3.8"",""yaw"":""91.23""}}",129501
171095,639,Actiniaria,"Cnidaria > Hexacorallia > Actiniaria",52,Marin,MARCILLAT,112295,20190404T040926.675090Z.jpg,-176.5683785,-21.98912914,4,Circle,"[4069.34,2133.79,40.73]","{""size"":9172840,""mimetype"":""image\/jpeg"",""width"":6000,""height"":4000,""metadata"":{""distance_to_ground"":""3.8"",""yaw"":""91.23""}}",129502
171096,639,Actiniaria,"Cnidaria > Hexacorallia > Actiniaria",52,Marin,MARCILLAT,112295,20190404T040926.675090Z.jpg,-176.5683785,-21.98912914,4,Circle,"[3899.41,2514.65,47.29]","{""size"":9172840,""mimetype"":""image\/jpeg"",""width"":6000,""height"":4000,""metadata"":{""distance_to_ground"":""3.8"",""yaw"":""91.23""}}",129503
171097,639,Actiniaria,"Cnidaria > Hexacorallia > Actiniaria",52,Marin,MARCILLAT,112295,20190404T040926.675090Z.jpg,-176.5683785,-21.98912914,4,Circle,"[5081.54,3147.46,42.88]","{""size"":9172840,""mimetype"":""image\/jpeg"",""width"":6000,""height"":4000,""metadata"":{""distance_to_ground"":""3.8"",""yaw"":""91.23""}}",129504
171098,639,Actiniaria,"Cnidaria > Hexacorallia > Actiniaria",52,Marin,MARCILLAT,112295,20190404T040926.675090Z.jpg,-176.5683785,-21.98912914,4,Circle,"[4965.82,3006.84,45.43]","{""size"":9172840,""mimetype"":""image\/jpeg"",""width"":6000,""height"":4000,""metadata"":{""distance_to_ground"":""3.8"",""yaw"":""91.23""}}",129505
171099,639,Actiniaria,"Cnidaria > Hexacorallia > Actiniaria",52,Marin,MARCILLAT,112295,20190404T040926.675090Z.jpg,-176.5683785,-21.98912914,4,Circle,"[5819.82,3074.22,61.54]","{""size"":9172840,""mimetype"":""image\/jpeg"",""width"":6000,""height"":4000,""metadata"":{""distance_to_ground"":""3.8"",""yaw"":""91.23""}}",129506
171100,639,Actiniaria,"Cnidaria > Hexacorallia > Actiniaria",52,Marin,MARCILLAT,112295,20190404T040926.675090Z.jpg,-176.5683785,-21.98912914,4,Circle,"[5853.52,2996.58,55.14]","{""size"":9172840,""mimetype"":""image\/jpeg"",""width"":6000,""height"":4000,""metadata"":{""distance_to_ground"":""3.8"",""yaw"":""91.23""}}",129507
171101,639,Actiniaria,"Cnidaria > Hexacorallia > Actiniaria",52,Marin,MARCILLAT,112295,20190404T040926.675090Z.jpg,-176.5683785,-21.98912914,4,Circle,"[5891.6,2461.91,66.37]","{""size"":9172840,""mimetype"":""image\/jpeg"",""width"":6000,""height"":4000,""metadata"":{""distance_to_ground"":""3.8"",""yaw"":""91.23""}}",129508
171102,639,Actiniaria,"Cnidaria > Hexacorallia > Actiniaria",52,Marin,MARCILLAT,112295,20190404T040926.675090Z.jpg,-176.5683785,-21.98912914,4,Circle,"[5866.7,2366.7,42.51]","{""size"":9172840,""mimetype"":""image\/jpeg"",""width"":6000,""height"":4000,""metadata"":{""distance_to_ground"":""3.8"",""yaw"":""91.23""}}",129509
171103,639,Actiniaria,"Cnidaria > Hexacorallia > Actiniaria",52,Marin,MARCILLAT,112295,20190404T040926.675090Z.jpg,-176.5683785,-21.98912914,4,Circle,"[5554.69,1481.93,58.32]","{""size"":9172840,""mimetype"":""image\/jpeg"",""width"":6000,""height"":4000,""metadata"":{""distance_to_ground"":""3.8"",""yaw"":""91.23""}}",129511
171104,639,Actiniaria,"Cnidaria > Hexacorallia > Actiniaria",52,Marin,MARCILLAT,112295,20190404T040926.675090Z.jpg,-176.5683785,-21.98912914,4,Circle,"[5535.64,1604.98,38.34]","{""size"":9172840,""mimetype"":""image\/jpeg"",""width"":6000,""height"":4000,""metadata"":{""distance_to_ground"":""3.8"",""yaw"":""91.23""}}",129512
171105,639,Actiniaria,"Cnidaria > Hexacorallia > Actiniaria",52,Marin,MARCILLAT,112295,20190404T040926.675090Z.jpg,-176.5683785,-21.98912914,4,Circle,"[5403.81,1013.18,52.92]","{""size"":9172840,""mimetype"":""image\/jpeg"",""width"":6000,""height"":4000,""metadata"":{""distance_to_ground"":""3.8"",""yaw"":""91.23""}}",129514
171106,639,Actiniaria,"Cnidaria > Hexacorallia > Actiniaria",52,Marin,MARCILLAT,112295,20190404T040926.675090Z.jpg,-176.5683785,-21.98912914,4,Circle,"[5548.83,841.8,47.53]","{""size"":9172840,""mimetype"":""image\/jpeg"",""width"":6000,""height"":4000,""metadata"":{""distance_to_ground"":""3.8"",""yaw"":""91.23""}}",129515
171286,791,Zoantharia,"Cnidaria > Hexacorallia > Zoantharia",52,Marin,MARCILLAT,112292,20190404T030509.627385Z.jpg,-176.5684404,-21.98905775,3,Polygon,"[2000.2,1447.19,2015.61,1461.57,2015.99,1461.61,2017.82,1461.43,2019.65,1461.61,2021.48,1461.43,2022.49,1461.53,2025.33,1460.67,2025.62,1460.64,2025.78,1460.55,2026,1460.49,2027.25,1459.82,2034.12,1457.74,2038.13,1457.34,2039.24,1457,2041.09,1456.82,2042.9,1456.27,2043.32,1456.23,2044.82,1455.42,2051.69,1453.34,2054.63,1453.05,2056.09,1452.61,2056.53,1452.57,2061.22,1451.14,2063.07,1450.96,2064.88,1450.41,2068.76,1450.03,2071.45,1447.82,2074.28,1446.31,2075.11,1445.63,2081.45,1442.24,2083.35,1441.66,2083.64,1441.51,2084.08,1441.38,2086.57,1440.04,2088.7,1439.4,2090.23,1438.58,2097.1,1436.5,2100.21,1436.19,2101.22,1435.65,2108.09,1433.57,2110.38,1433.34,2116.88,1431.37,2121.98,1430.87,2122.74,1430.64,2123.5,1430.56,2125.67,1429.9,2132.81,1429.2,2132.88,1429.21,2132.99,1429.17,2133.76,1429.1,2135.92,1428.44,2140.38,1428,2145.04,1426.59,2145.9,1426.13,2151.87,1424.32,2152.57,1423.74,2153,1423.22,2153.63,1422.04,2158.19,1416.49,2158.59,1416.16,2158.92,1415.76,2164.47,1411.2,2165.65,1410.57,2166.67,1409.74,2167.85,1409.1,2168.86,1408.27,2175.2,1404.89,2175.42,1404.82,2176.66,1404.16,2178.79,1403.51,2180.32,1402.69,2180.54,1402.62,2181.79,1401.96,2188.66,1399.87,2195.8,1399.17,2196.17,1399.21,2196.53,1399.17,2196.6,1399.18,2196.71,1399.14,2203.86,1398.44,2204.22,1398.47,2204.59,1398.44,2204.96,1398.47,2205.32,1398.44,2205.69,1398.47,2206.06,1398.44,2206.42,1398.47,2206.79,1398.44,2207.15,1398.47,2207.52,1398.44,2208.25,1398.51,2208.98,1398.44,2209.35,1398.47,2209.72,1398.44,2210.08,1398.47,2210.45,1398.44,2210.82,1398.47,2211.18,1398.44,2211.55,1398.47,2211.91,1398.44,2212.28,1398.47,2212.65,1398.44,2213.01,1398.47,2213.38,1398.44,2220.52,1399.14,2227.39,1401.23,2233.72,1404.61,2239.27,1409.16,2243.83,1414.71,2247.21,1421.04,2249.3,1427.91,2250,1435.06,2249.96,1435.43,2250,1435.79,2249.96,1436.16,2250,1436.52,2249.3,1443.67,2248.19,1447.31,2281.98,1444.27,2280.52,1412.15,2268.84,1375.65,2190,1361.05,2121.38,1410.69,2000.2,1447.19]","{""size"":9736113,""mimetype"":""image\/jpeg"",""width"":6000,""height"":4000,""metadata"":{""distance_to_ground"":""1.6"",""yaw"":""130.49""}}",130446
171297,719,unknown,unknown,52,Marin,MARCILLAT,112292,20190404T030509.627385Z.jpg,-176.5684404,-21.98905775,4,Circle,"[890.63,1082.76,58.32]","{""size"":9736113,""mimetype"":""image\/jpeg"",""width"":6000,""height"":4000,""metadata"":{""distance_to_ground"":""1.6"",""yaw"":""130.49""}}",130457
171299,719,unknown,unknown,52,Marin,MARCILLAT,112292,20190404T030509.627385Z.jpg,-176.5684404,-21.98905775,4,Circle,"[874.51,1284.91,64.47]","{""size"":9736113,""mimetype"":""image\/jpeg"",""width"":6000,""height"":4000,""metadata"":{""distance_to_ground"":""1.6"",""yaw"":""130.49""}}",130459
171400,791,Zoantharia,"Cnidaria > Hexacorallia > Zoantharia",52,Marin,MARCILLAT,112294,20190404T030935.883265Z.jpg,-176.5684181,-21.98911787,3,Polygon,"[1918.95,1511.23,2460.94,1435.06,2273.44,1810.06,2592.77,1854,2085.94,2334.47,1792.97,2278.81,1564.45,2032.71,1918.95,1511.23]","{""size"":11038518,""mimetype"":""image\/jpeg"",""width"":6000,""height"":4000,""metadata"":{""distance_to_ground"":""4.4"",""yaw"":""118.01""}}",130560
171402,791,Zoantharia,"Cnidaria > Hexacorallia > Zoantharia",52,Marin,MARCILLAT,112294,20190404T030935.883265Z.jpg,-176.5684181,-21.98911787,3,Polygon,"[1511.72,384.03,1634.77,389.89,1719.73,533.45,1541.02,530.52,1511.72,384.03]","{""size"":11038518,""mimetype"":""image\/jpeg"",""width"":6000,""height"":4000,""metadata"":{""distance_to_ground"":""4.4"",""yaw"":""118.01""}}",130562
171404,791,Zoantharia,"Cnidaria > Hexacorallia > Zoantharia",52,Marin,MARCILLAT,112294,20190404T030935.883265Z.jpg,-176.5684181,-21.98911787,3,Polygon,"[1807.62,1.71,2206.05,1.71,2187.01,338.62,2071.29,203.86,1955.57,718.02,1841.31,767.82,1807.62,1.71]","{""size"":11038518,""mimetype"":""image\/jpeg"",""width"":6000,""height"":4000,""metadata"":{""distance_to_ground"":""4.4"",""yaw"":""118.01""}}",130564
171405,791,Zoantharia,"Cnidaria > Hexacorallia > Zoantharia",52,Marin,MARCILLAT,112294,20190404T030935.883265Z.jpg,-176.5684181,-21.98911787,3,Polygon,"[1706.54,841.06,1813.48,744.38,1853.03,823.49,2091.8,1094.48,1930.66,1368.41,1847.17,1350.83,1706.54,841.06]","{""size"":11038518,""mimetype"":""image\/jpeg"",""width"":6000,""height"":4000,""metadata"":{""distance_to_ground"":""4.4"",""yaw"":""118.01""}}",130565
171409,791,Zoantharia,"Cnidaria > Hexacorallia > Zoantharia",52,Marin,MARCILLAT,112294,20190404T030935.883265Z.jpg,-176.5684181,-21.98911787,3,Polygon,"[7.32,2067.14,181.64,2055.42,309.08,1907.47,344.24,1815.19,530.27,1550.05,651.86,1664.31,707.52,1684.81,637.21,1848.88,675.29,1870.85,833.5,1662.84,761.72,1520.75,597.66,1435.79,454.1,1446.04,271,1642.33,231.45,1692.14,82.03,1700.93,48.34,1780.03,2.93,1867.92,7.32,2067.14]","{""size"":11038518,""mimetype"":""image\/jpeg"",""width"":6000,""height"":4000,""metadata"":{""distance_to_ground"":""4.4"",""yaw"":""118.01""}}",130569
171411,791,Zoantharia,"Cnidaria > Hexacorallia > Zoantharia",52,Marin,MARCILLAT,112294,20190404T030935.883265Z.jpg,-176.5684181,-21.98911787,3,Polygon,"[2.93,716.55,243.16,696.04,451.17,879.15,489.26,1073.97,407.23,1179.44,153.81,1205.81,87.89,1027.1,0,986.08,2.93,716.55]","{""size"":11038518,""mimetype"":""image\/jpeg"",""width"":6000,""height"":4000,""metadata"":{""distance_to_ground"":""4.4"",""yaw"":""118.01""}}",130571
171413,791,Zoantharia,"Cnidaria > Hexacorallia > Zoantharia",52,Marin,MARCILLAT,112294,20190404T030935.883265Z.jpg,-176.5684181,-21.98911787,3,Polygon,"[1054.69,4.64,1337.4,4.64,1353.52,124.76,1284.67,290.28,1174.8,162.84,1054.69,4.64]","{""size"":11038518,""mimetype"":""image\/jpeg"",""width"":6000,""height"":4000,""metadata"":{""distance_to_ground"":""4.4"",""yaw"":""118.01""}}",130573
171416,791,Zoantharia,"Cnidaria > Hexacorallia > Zoantharia",52,Marin,MARCILLAT,112294,20190404T030935.883265Z.jpg,-176.5684181,-21.98911787,3,Polygon,"[1289.06,1210.21,1494.14,1134.03,1574.71,1289.31,1431.15,1340.58,1287.6,1380.13,1252.44,1274.66,1289.06,1210.21]","{""size"":11038518,""mimetype"":""image\/jpeg"",""width"":6000,""height"":4000,""metadata"":{""distance_to_ground"":""4.4"",""yaw"":""118.01""}}",130576
171420,791,Zoantharia,"Cnidaria > Hexacorallia > Zoantharia",52,Marin,MARCILLAT,112294,20190404T030935.883265Z.jpg,-176.5684181,-21.98911787,3,Polygon,"[1056.15,2206.3,1105.96,2169.68,1209.96,2245.85,1167.48,2339.6,1056.15,2239.99,1056.15,2206.3]","{""size"":11038518,""mimetype"":""image\/jpeg"",""width"":6000,""height"":4000,""metadata"":{""distance_to_ground"":""4.4"",""yaw"":""118.01""}}",130580
171426,791,Zoantharia,"Cnidaria > Hexacorallia > Zoantharia",52,Marin,MARCILLAT,112294,20190404T030935.883265Z.jpg,-176.5684181,-21.98911787,3,Polygon,"[1453.13,2502.2,1580.57,2738.04,1485.35,2839.11,1306.64,2634.03,1453.13,2502.2]","{""size"":11038518,""mimetype"":""image\/jpeg"",""width"":6000,""height"":4000,""metadata"":{""distance_to_ground"":""4.4"",""yaw"":""118.01""}}",130585
171431,791,Zoantharia,"Cnidaria > Hexacorallia > Zoantharia",52,Marin,MARCILLAT,112294,20190404T030935.883265Z.jpg,-176.5684181,-21.98911787,3,Polygon,"[2501.22,75.32,2583.25,33.57,2664.55,95.09,2685.79,172.73,2586.18,180.05,2490.97,119.26,2501.22,75.32]","{""size"":11038518,""mimetype"":""image\/jpeg"",""width"":6000,""height"":4000,""metadata"":{""distance_to_ground"":""4.4"",""yaw"":""118.01""}}",130590
171432,791,Zoantharia,"Cnidaria > Hexacorallia > Zoantharia",52,Marin,MARCILLAT,112294,20190404T030935.883265Z.jpg,-176.5684181,-21.98911787,3,Polygon,"[2819.82,88.5,2991.94,84.84,3074.71,151.49,3010.99,237.92,2840.33,228.39,2819.82,88.5]","{""size"":11038518,""mimetype"":""image\/jpeg"",""width"":6000,""height"":4000,""metadata"":{""distance_to_ground"":""4.4"",""yaw"":""118.01""}}",130591
171434,791,Zoantharia,"Cnidaria > Hexacorallia > Zoantharia",52,Marin,MARCILLAT,112294,20190404T030935.883265Z.jpg,-176.5684181,-21.98911787,3,Polygon,"[2597.17,728.27,2626.46,552.49,2540.04,489.5,2481.45,722.41,2540.04,735.6,2597.17,728.27]","{""size"":11038518,""mimetype"":""image\/jpeg"",""width"":6000,""height"":4000,""metadata"":{""distance_to_ground"":""4.4"",""yaw"":""118.01""}}",130593
171438,647,brachyura,"Arthropoda > Decapoda > brachyura",52,Marin,MARCILLAT,112294,20190404T030935.883265Z.jpg,-176.5684181,-21.98911787,4,Circle,"[616.7,827.51,55.67]","{""size"":11038518,""mimetype"":""image\/jpeg"",""width"":6000,""height"":4000,""metadata"":{""distance_to_ground"":""4.4"",""yaw"":""118.01""}}",130597
171444,719,unknown,unknown,52,Marin,MARCILLAT,112294,20190404T030935.883265Z.jpg,-176.5684181,-21.98911787,4,Circle,"[3937.5,764.16,58.67]","{""size"":11038518,""mimetype"":""image\/jpeg"",""width"":6000,""height"":4000,""metadata"":{""distance_to_ground"":""4.4"",""yaw"":""118.01""}}",130603
171465,791,Zoantharia,"Cnidaria > Hexacorallia > Zoantharia",52,Marin,MARCILLAT,112295,20190404T040926.675090Z.jpg,-176.5683785,-21.98912914,3,Polygon,"[2027.34,3165.77,2046.79,3166.09,2046.39,3170.17,2047.79,3184.46,2051.96,3198.2,2058.73,3210.86,2067.84,3221.96,2078.94,3231.07,2091.6,3237.83,2105.34,3242,2119.63,3243.41,2133.92,3242,2147.14,3237.99,2148.41,3239.53,2159.5,3248.64,2172.17,3255.41,2185.91,3259.58,2200.2,3260.99,2214.48,3259.58,2224.52,3256.53,2225.1,3256.59,2239.39,3255.18,2253.13,3251.02,2265.79,3244.25,2271.24,3239.78,2275.85,3245.39,2286.95,3254.5,2299.61,3261.27,2313.35,3265.44,2327.64,3266.85,2341.93,3265.44,2355.67,3261.27,2368.33,3254.5,2379.43,3245.39,2385.59,3237.88,2389.52,3239.07,2403.81,3240.48,2418.1,3239.07,2431.84,3234.9,2444.5,3228.14,2455.6,3219.03,2455.83,3218.75,2468.26,3219.97,2482.55,3218.56,2496.29,3214.4,2508.95,3207.63,2510.53,3206.33,2515.14,3206.79,2529.43,3205.38,2543.17,3201.21,2555.83,3194.44,2566.93,3185.34,2575.8,3174.53,2585.13,3169.54,2596.22,3160.43,2597.82,3158.49,2610.03,3151.96,2621.13,3142.86,2630.24,3131.76,2637,3119.09,2637.41,3117.76,2676.27,3086.67,2724.61,2956.3,2377.44,2724.85,2226.56,2877.2,2125.49,3001.71,2027.34,3165.77]","{""size"":9172840,""mimetype"":""image\/jpeg"",""width"":6000,""height"":4000,""metadata"":{""distance_to_ground"":""3.8"",""yaw"":""91.23""}}",130624
171482,791,Zoantharia,"Cnidaria > Hexacorallia > Zoantharia",52,Marin,MARCILLAT,112295,20190404T040926.675090Z.jpg,-176.5683785,-21.98912914,3,Polygon,"[2115.23,3602.3,2116.64,3616.58,2116.82,3617.17,2116.7,3618.41,2117.35,3625,2116.7,3631.59,2118.11,3645.88,2122.27,3659.62,2122.88,3660.76,2125.2,3668.41,2125.81,3669.55,2126.17,3670.72,2126.9,3678.11,2127.78,3681.03,2128.36,3686.9,2130.99,3695.57,2131.29,3698.62,2131.96,3700.84,2132.76,3708.87,2136.92,3722.61,2140.92,3730.08,2141.32,3731.4,2142.23,3733.11,2145.71,3744.58,2148.38,3749.57,2148.64,3750.44,2155.41,3763.1,2164.52,3774.2,2166.13,3775.52,2167.45,3777.13,2176.76,3784.78,2177.7,3785.92,2188.8,3795.03,2197.34,3799.6,2205.25,3806.09,2205.53,3806.43,2206.8,3807.47,2208.14,3809.98,2217.25,3821.08,2218.86,3822.4,2220.18,3824.01,2220.99,3824.67,2221.65,3825.47,2222.45,3826.13,2223.11,3826.94,2223.92,3827.6,2224.58,3828.4,2235.68,3837.51,2248.34,3844.28,2262.08,3848.45,2276.37,3849.85,2278.42,3849.65,2279.92,3852.46,2289.03,3863.56,2300.13,3872.67,2312.79,3879.44,2316.68,3880.62,2317.71,3881.46,2330.37,3888.22,2338.02,3890.54,2339.16,3891.15,2352.9,3895.32,2367.19,3896.73,2367.92,3896.66,2368.65,3896.73,2370.85,3896.51,2373.05,3896.73,2375.24,3896.51,2377.44,3896.73,2378.17,3896.66,2378.91,3896.73,2381.1,3896.51,2383.3,3896.73,2384.77,3896.59,2386.23,3896.73,2390.63,3896.3,2395.02,3896.73,2397.95,3896.44,2400.88,3896.73,2404.54,3896.37,2408.2,3896.73,2410.4,3896.51,2412.6,3896.73,2414.8,3896.51,2416.99,3896.73,2419.92,3896.44,2422.85,3896.73,2427.25,3896.3,2431.64,3896.73,2432.37,3896.66,2433.11,3896.73,2433.84,3896.66,2434.57,3896.73,2436.04,3896.59,2437.5,3896.73,2438.97,3896.59,2440.43,3896.73,2454.72,3895.32,2455.77,3895,2456.49,3902.23,2457.8,3906.56,2457.95,3908.09,2458.62,3910.31,2459.42,3918.34,2463.58,3932.08,2470.35,3944.74,2471.9,3946.63,2472.37,3948.2,2479.14,3960.86,2488.25,3971.96,2489.05,3972.62,2489.71,3973.42,2500.81,3982.53,2513.48,3989.3,2527.22,3993.47,2541.5,3994.87,2542.24,3994.8,2542.97,3994.87,2543.7,3994.8,2544.43,3994.87,2545.17,3994.8,2545.9,3994.87,2546.63,3994.8,2547.36,3994.87,2548.1,3994.8,2548.83,3994.87,2563.12,3993.47,2567.45,3992.15,2568.98,3992,2582.72,3987.83,2585.21,3986.5,2585.65,3986.37,2588.33,3984.94,2590.95,3984.68,2604.66,3980.52,2607.06,3980.28,2620.8,3976.11,2623.86,3974.48,2628.13,3973.19,2628.7,3972.88,2632.52,3971.72,2645.18,3964.95,2656.28,3955.84,2658.26,3953.43,2660.68,3951.45,2661.34,3950.64,2662.14,3949.98,2662.8,3949.18,2663.61,3948.52,2672.72,3937.42,2679.48,3924.76,2680.64,3920.93,2680.95,3920.36,2685.12,3906.62,2685.27,3905.1,2686.58,3900.76,2687.99,3886.48,2687.84,3885.01,2687.99,3883.55,2687.84,3882.08,2687.99,3880.62,2687.84,3879.15,2687.99,3877.69,2687.92,3876.95,2687.99,3876.22,2687.7,3873.29,2687.99,3870.36,2687.92,3869.63,2687.99,3868.9,2687.92,3868.16,2687.99,3867.43,2686.58,3853.14,2686.51,3852.91,2686.52,3852.78,2686.45,3852.05,2686.52,3851.32,2685.12,3837.03,2684.87,3836.22,2684.77,3835.21,2685.06,3832.28,2684.77,3829.35,2685.06,3826.42,2684.92,3824.95,2685.06,3823.49,2684.99,3822.75,2685.06,3822.02,2684.99,3821.29,2685.06,3820.56,2683.65,3806.27,2679.48,3792.53,2678.15,3790.04,2678.02,3789.6,2675.35,3784.61,2675.09,3783.74,2669.76,3773.77,2669.23,3772.02,2666.57,3767.04,2666.3,3766.16,2659.53,3753.5,2658.74,3752.53,2657.34,3749.91,2656.05,3745.65,2655.74,3745.08,2654.58,3741.26,2654.24,3740.61,2654.3,3739.99,2654.08,3737.79,2654.3,3735.6,2654.28,3735.47,2654.35,3735.24,2655.76,3720.95,2655.62,3719.48,2655.76,3718.02,2655.69,3717.29,2655.76,3716.55,2655.69,3715.82,2655.76,3715.09,2655.69,3714.36,2655.76,3713.62,2655.69,3712.89,2655.76,3712.16,2655.62,3710.69,2655.76,3709.23,2655.69,3708.5,2655.76,3707.76,2655.62,3706.3,2655.76,3704.83,2655.62,3703.37,2655.76,3701.9,2655.69,3701.17,2655.76,3700.44,2655.62,3698.98,2655.76,3697.51,2655.69,3696.78,2655.76,3696.05,2655.69,3695.31,2655.76,3694.58,2655.62,3693.12,2655.76,3691.65,2655.69,3690.92,2655.76,3690.19,2655.69,3689.45,2655.76,3688.72,2655.69,3687.99,2655.76,3687.26,2655.69,3686.52,2655.76,3685.79,2655.69,3685.06,2655.76,3684.33,2655.69,3683.59,2655.76,3682.86,2655.69,3682.13,2655.76,3681.4,2654.35,3667.11,2654.28,3666.88,2654.3,3666.75,2654.23,3666.02,2654.3,3665.28,2654.15,3663.82,2654.3,3662.35,2654.23,3661.62,2654.3,3660.89,2654.15,3659.42,2654.3,3657.96,2654.23,3657.23,2654.3,3656.49,2654.15,3655.03,2654.3,3653.56,2654.23,3652.83,2654.3,3652.1,2652.89,3637.81,2649.37,3626.22,2648.5,3617.3,2644.33,3603.56,2641.66,3598.58,2641.4,3597.7,2641.09,3597.14,2639.93,3593.31,2637.27,3588.32,2637,3587.45,2634.76,3583.25,2631.14,3571.34,2629.81,3568.85,2629.68,3568.41,2627.01,3563.42,2626.75,3562.55,2626.44,3561.98,2625.28,3558.15,2623.95,3555.66,2623.82,3555.22,2617.05,3542.56,2612.06,3536.47,2608.26,3529.38,2606.6,3527.35,2605.33,3524.98,2605.2,3524.82,2603.31,3518.6,2601.98,3516.11,2601.85,3515.67,2598.88,3510.12,2597.45,3505.42,2590.68,3492.76,2590.55,3492.59,2588.66,3486.38,2587.33,3483.88,2587.2,3483.45,2585.87,3480.95,2585.73,3480.52,2583.07,3475.53,2582.8,3474.66,2576.04,3461.99,2574.37,3459.97,2573.11,3457.6,2569.03,3452.63,2568.16,3449.76,2566.82,3447.26,2566.69,3446.83,2565.36,3444.34,2565.23,3443.9,2563.89,3441.4,2563.76,3440.97,2561.1,3435.98,2560.83,3435.11,2560.53,3434.54,2559.37,3430.71,2552.6,3418.05,2543.49,3406.95,2543.15,3406.67,2536.17,3398.16,2535.02,3397.22,2534.82,3396.98,2533.56,3394.61,2531.89,3392.58,2530.63,3390.22,2521.52,3379.12,2520.71,3378.46,2520.05,3377.65,2519.25,3376.99,2518.59,3376.19,2507.49,3367.08,2494.83,3360.31,2481.09,3356.14,2478.3,3355.87,2478.8,3354.93,2482.97,3341.19,2484.38,3326.9,2482.97,3312.62,2478.8,3298.88,2472.03,3286.21,2462.92,3275.11,2451.82,3266.01,2439.16,3259.24,2425.42,3255.07,2411.13,3253.66,2396.84,3255.07,2383.1,3259.24,2370.44,3266.01,2369.42,3266.85,2365.53,3268.03,2352.86,3274.8,2349.16,3277.84,2341.15,3282.12,2339.47,3283.49,2336.51,3285.08,2334.76,3285.61,2322.1,3292.37,2321.08,3293.21,2317.19,3294.39,2304.52,3301.16,2302.49,3302.83,2300.13,3304.09,2296.07,3307.42,2291.34,3309.95,2280.24,3319.06,2278.92,3320.67,2277.31,3321.99,2275.33,3324.4,2272.92,3326.38,2271.98,3327.53,2266.97,3331.64,2266.44,3331.92,2264.41,3333.59,2262.04,3334.85,2250.94,3343.96,2247.64,3347.99,2243.62,3351.29,2234.51,3362.39,2230.72,3369.48,2225.72,3375.57,2222.91,3380.83,2214,3391.68,2210.99,3397.33,2209.61,3399.01,2208.35,3401.37,2206.68,3403.4,2200.15,3415.61,2199.36,3416.58,2198.09,3418.95,2196.43,3420.98,2195.98,3421.81,2190.89,3425.99,2183.9,3434.5,2183.56,3434.78,2181.58,3437.2,2179.17,3439.18,2178.51,3439.98,2177.7,3440.64,2170.72,3449.15,2170.38,3449.43,2161.27,3460.53,2160.5,3461.98,2156.88,3466.39,2156.59,3466.92,2151.02,3473.71,2149.47,3476.61,2142.23,3485.43,2141.45,3486.88,2137.83,3491.29,2137.55,3491.82,2131.97,3498.62,2125.2,3511.28,2125.07,3511.72,2123.74,3514.21,2123.61,3514.64,2122.27,3517.14,2118.11,3530.88,2117.74,3534.57,2116.64,3538.2,2115.23,3552.49,2115.31,3553.22,2115.23,3553.96,2115.31,3554.69,2115.23,3555.42,2115.31,3556.15,2115.23,3556.89,2115.31,3557.62,2115.23,3558.35,2115.31,3559.08,2115.23,3559.81,2115.31,3560.55,2115.23,3561.28,2115.31,3562.01,2115.23,3562.74,2115.31,3563.48,2115.23,3564.21,2115.31,3564.94,2115.23,3565.67,2115.38,3567.14,2115.23,3568.6,2115.31,3569.34,2115.23,3570.07,2115.38,3571.53,2115.23,3573,2115.52,3575.93,2115.23,3578.86,2115.81,3584.72,2115.23,3590.58,2115.38,3592.04,2115.23,3593.51,2115.38,3594.97,2115.23,3596.44,2115.52,3599.37,2115.23,3602.3]","{""size"":9172840,""mimetype"":""image\/jpeg"",""width"":6000,""height"":4000,""metadata"":{""distance_to_ground"":""3.8"",""yaw"":""91.23""}}",130640
171484,791,Zoantharia,"Cnidaria > Hexacorallia > Zoantharia",52,Marin,MARCILLAT,112295,20190404T040926.675090Z.jpg,-176.5683785,-21.98912914,3,Polygon,"[2537.11,3348.88,2538.52,3363.17,2542.69,3376.91,2545.35,3381.89,2545.61,3382.77,2546.95,3385.26,2547.08,3385.7,2548.41,3388.19,2548.54,3388.62,2549.88,3391.12,2550.01,3391.55,2556.78,3404.22,2558.44,3406.25,2559.71,3408.61,2568.82,3419.71,2569.62,3420.37,2570.28,3421.18,2571.89,3422.5,2573.21,3424.11,2576.43,3426.75,2579.07,3429.96,2590.17,3439.07,2602.83,3445.84,2606.65,3447,2607.23,3447.31,2607.67,3447.44,2610.16,3448.77,2610.59,3448.9,2613.09,3450.24,2614.39,3450.63,2621.87,3454.63,2622.75,3454.9,2627.73,3457.56,2628.61,3457.83,2633.59,3460.49,2647.33,3464.66,2654.08,3465.32,2666.38,3469.05,2670.07,3469.42,2673.7,3470.52,2687.99,3471.92,2688.72,3471.85,2689.45,3471.92,2690.19,3471.85,2690.92,3471.92,2691.65,3471.85,2692.38,3471.92,2693.12,3471.85,2693.85,3471.92,2695.31,3471.78,2696.78,3471.92,2697.51,3471.85,2698.24,3471.92,2699.71,3471.78,2701.17,3471.92,2701.91,3471.85,2702.64,3471.92,2704.1,3471.78,2705.57,3471.92,2706.3,3471.85,2707.03,3471.92,2708.5,3471.78,2709.96,3471.92,2710.69,3471.85,2711.43,3471.92,2712.16,3471.85,2712.89,3471.92,2713.62,3471.85,2714.36,3471.92,2715.09,3471.85,2715.82,3471.92,2716.55,3471.85,2717.29,3471.92,2718.02,3471.85,2718.75,3471.92,2719.48,3471.85,2720.22,3471.92,2720.95,3471.85,2721.68,3471.92,2722.41,3471.85,2723.15,3471.92,2723.88,3471.85,2724.61,3471.92,2725.34,3471.85,2726.07,3471.92,2740.36,3470.52,2754.1,3466.35,2766.77,3459.58,2768.79,3457.92,2771.16,3456.65,2782.26,3447.54,2783.58,3445.93,2785.19,3444.61,2785.85,3443.81,2786.65,3443.15,2795.76,3432.05,2797.03,3429.68,2798.69,3427.65,2802.52,3420.49,2803.39,3420.03,2814.49,3410.92,2823.59,3399.82,2830.36,3387.16,2834.53,3373.42,2835.94,3359.13,2835.79,3357.67,2835.94,3356.2,2835.72,3354,2835.94,3351.81,2835.79,3350.34,2835.94,3348.88,2835.88,3348.3,2838.93,3338.26,2840.33,3323.98,2840.26,3323.24,2840.33,3322.51,2840.26,3321.78,2840.33,3321.05,2840.26,3320.31,2840.33,3319.58,2838.93,3305.29,2837.03,3299.04,2837.69,3297.8,2841.85,3284.06,2843.26,3269.78,2841.85,3255.49,2837.69,3241.75,2830.92,3229.08,2821.81,3217.99,2810.71,3208.88,2798.05,3202.11,2784.31,3197.94,2770.02,3196.53,2767.82,3196.75,2765.63,3196.53,2756.1,3197.47,2746.58,3196.53,2732.29,3197.94,2729.74,3198.72,2727.18,3197.94,2714.81,3196.72,2714,3196.48,2699.71,3195.07,2692.38,3195.79,2685.06,3195.07,2679.93,3195.57,2674.81,3195.07,2673.34,3195.21,2671.88,3195.07,2669.68,3195.29,2667.48,3195.07,2653.19,3196.48,2639.45,3200.64,2638.89,3200.95,2635.06,3202.11,2622.4,3208.88,2616.31,3213.87,2609.21,3217.67,2607.18,3219.33,2604.82,3220.6,2601.11,3223.64,2593.1,3227.92,2588.69,3231.54,2587.24,3232.31,2576.14,3241.42,2575.48,3242.23,2574.68,3242.89,2565.57,3253.99,2565.29,3254.51,2559.71,3261.31,2558.44,3263.67,2556.78,3265.71,2553.76,3271.36,2552.38,3273.03,2545.61,3285.69,2545.48,3286.13,2544.15,3288.62,2542.99,3292.45,2542.69,3293.02,2538.52,3306.76,2537.11,3321.05,2537.18,3321.78,2537.11,3322.51,2537.25,3323.98,2537.11,3325.44,2537.4,3328.37,2537.11,3331.3,2537.25,3332.76,2537.11,3334.23,2537.18,3334.96,2537.11,3335.69,2537.33,3337.89,2537.11,3340.09,2537.33,3342.29,2537.11,3344.48,2537.33,3346.68,2537.11,3348.88]","{""size"":9172840,""mimetype"":""image\/jpeg"",""width"":6000,""height"":4000,""metadata"":{""distance_to_ground"":""3.8"",""yaw"":""91.23""}}",130642
171489,791,Zoantharia,"Cnidaria > Hexacorallia > Zoantharia",52,Marin,MARCILLAT,112295,20190404T040944.980125Z.jpg,-176.5683785,-21.98912914,3,Polygon,"[1551.27,3477.78,1552.68,3492.07,1556.85,3505.81,1563.61,3518.47,1572.72,3529.57,1583.82,3538.68,1589.41,3541.67,1589.36,3542.24,1589.43,3542.97,1589.36,3543.7,1590.76,3557.99,1594.93,3571.73,1601.7,3584.39,1610.81,3595.49,1611.43,3596,1612.74,3609.26,1614.05,3613.59,1614.2,3615.12,1618.37,3628.86,1619.28,3630.57,1619.91,3632.64,1620.06,3634.16,1621.38,3638.5,1621.53,3640.02,1621.77,3640.83,1621.87,3641.85,1621.58,3644.78,1622.99,3659.06,1624.3,3663.4,1624.45,3664.92,1625.56,3668.55,1625.92,3672.25,1626.81,3675.17,1627.38,3681.04,1627.67,3681.99,1627.44,3684.33,1627.87,3688.72,1627.44,3693.12,1628.85,3707.4,1631.48,3716.07,1631.78,3719.12,1632.03,3719.94,1632.2,3721.68,1631.84,3725.34,1632.2,3729,1631.84,3732.67,1633.24,3746.96,1633.7,3748.47,1634.71,3758.67,1638.01,3769.56,1639.1,3780.65,1639.99,3783.57,1640.57,3789.44,1644.74,3803.18,1645.99,3805.53,1646.43,3809.94,1649.58,3820.34,1649.41,3822.02,1649.99,3827.88,1649.41,3833.74,1649.56,3835.21,1649.41,3836.67,1649.7,3839.6,1649.41,3842.53,1649.78,3846.19,1649.41,3849.85,1649.49,3850.59,1649.41,3851.32,1649.7,3854.25,1649.41,3857.18,1649.56,3858.64,1649.41,3860.11,1649.78,3863.77,1649.41,3867.43,1649.78,3871.09,1649.41,3874.76,1649.7,3877.69,1649.41,3880.62,1649.63,3882.81,1649.41,3885.01,1649.85,3889.41,1649.41,3893.8,1650.82,3908.09,1654.99,3921.83,1661.76,3934.49,1670.87,3945.59,1671.67,3946.25,1672.33,3947.05,1683.43,3956.16,1696.09,3962.93,1709.83,3967.1,1724.12,3968.51,1724.85,3968.43,1725.59,3968.51,1739.88,3967.1,1753.62,3962.93,1766.28,3956.16,1777.38,3947.05,1786.49,3935.96,1791.26,3927.02,1792.34,3925.7,1794.87,3920.97,1798.2,3916.91,1804.97,3904.25,1805.11,3903.81,1806.44,3901.32,1807.6,3897.5,1807.9,3896.93,1808.03,3896.49,1809.37,3894,1809.63,3893.12,1812.3,3888.14,1813.72,3883.43,1816.69,3877.88,1817.09,3876.57,1819.37,3872.29,1826.04,3864.18,1832.8,3851.52,1835.39,3842.99,1838.66,3836.87,1839.69,3833.48,1842.15,3830.49,1845.17,3824.84,1846.54,3823.16,1846.83,3822.64,1852.4,3815.84,1857.18,3806.91,1858.26,3805.58,1865.03,3792.92,1866.19,3789.1,1866.5,3788.53,1866.76,3787.65,1869.43,3782.67,1869.56,3782.23,1870.89,3779.74,1875.06,3766,1875.12,3765.4,1875.28,3765.09,1876.44,3761.27,1876.75,3760.7,1879.07,3753.05,1879.68,3751.91,1883.29,3739.99,1885.54,3735.79,1889.71,3722.05,1891.11,3707.76,1891.1,3707.64,1891.17,3707.4,1891.96,3699.37,1892.64,3697.15,1894.04,3682.86,1894.03,3682.73,1894.1,3682.5,1894.68,3676.64,1895.57,3673.71,1896.97,3659.42,1896.9,3658.69,1896.93,3658.35,1898.5,3653.21,1898.65,3651.68,1899.96,3647.35,1900.54,3641.48,1901.43,3638.56,1901.66,3636.15,1903.97,3628.54,1904.58,3627.39,1908.75,3613.65,1908.9,3612.13,1910.21,3607.8,1910.52,3604.74,1913.14,3596.08,1913.72,3590.21,1914.61,3587.29,1914.7,3586.41,1917.54,3577.03,1918.95,3562.74,1918.66,3559.81,1918.95,3556.89,1918.73,3554.69,1918.95,3552.49,1918.8,3551.03,1918.95,3549.56,1918.87,3548.83,1918.95,3548.1,1918.73,3545.9,1918.95,3543.7,1918.8,3542.24,1918.95,3540.77,1918.8,3539.31,1918.95,3537.84,1918.73,3535.64,1918.95,3533.45,1918.66,3530.52,1918.95,3527.59,1918.87,3526.86,1918.95,3526.12,1917.54,3511.83,1913.37,3498.09,1906.6,3485.43,1897.49,3474.33,1886.39,3465.22,1873.73,3458.46,1859.99,3454.29,1858.47,3454.14,1854.13,3452.82,1853.25,3452.74,1849.53,3451.61,1845.9,3449.67,1836.5,3446.82,1825.39,3440.88,1824.96,3440.75,1822.46,3439.41,1822.02,3439.28,1819.53,3437.95,1815.27,3436.65,1812.21,3435.02,1798.47,3430.85,1788.26,3429.85,1786.75,3429.39,1775.67,3428.3,1764.78,3424.99,1759.55,3424.48,1751.59,3422.06,1737.31,3420.65,1737.18,3420.67,1736.95,3420.6,1722.66,3419.19,1721.42,3419.31,1720.83,3419.13,1706.54,3417.73,1706.42,3417.74,1706.18,3417.67,1695.98,3416.66,1694.47,3416.2,1689.24,3415.69,1681.28,3413.27,1673.25,3412.48,1671.03,3411.81,1667.33,3411.44,1663.7,3410.34,1663.11,3410.29,1662.79,3410.12,1649.05,3405.95,1634.77,3404.54,1632.57,3404.76,1630.37,3404.54,1628.91,3404.69,1627.44,3404.54,1626.71,3404.61,1625.98,3404.54,1625.25,3404.61,1624.51,3404.54,1610.22,3405.95,1596.48,3410.12,1583.82,3416.89,1572.72,3425.99,1563.61,3437.09,1556.85,3449.76,1552.68,3463.49,1551.27,3477.78]","{""size"":9172840,""mimetype"":""image\/jpeg"",""width"":6000,""height"":4000,""metadata"":{""distance_to_ground"":""3.8"",""yaw"":""91.23""}}",130647
171492,791,Zoantharia,"Cnidaria > Hexacorallia > Zoantharia",52,Marin,MARCILLAT,112295,20190404T040944.980125Z.jpg,-176.5683785,-21.98912914,3,Polygon,"[303.22,3381.1,304.63,3395.39,308.8,3409.13,315.57,3421.8,318.9,3425.86,321.43,3430.58,326.21,3436.41,326.38,3436.96,333.14,3449.63,342.25,3460.73,342.6,3461.01,343.51,3462.12,347.79,3470.14,356.9,3481.23,362.53,3485.86,365,3488.86,368.3,3495.04,377.41,3506.14,388.51,3515.24,389.95,3516.02,394.37,3519.64,407.03,3526.41,410.86,3527.57,411.43,3527.87,415.69,3529.17,418.75,3530.8,432.49,3534.97,446.39,3536.34,451.53,3537.9,452.13,3537.96,452.44,3538.13,466.18,3542.29,468.8,3542.55,471.48,3543.99,485.22,3548.15,494.78,3549.1,501.34,3551.08,505.75,3551.52,508.1,3552.77,508.98,3553.04,513.96,3555.7,514.4,3555.84,516.89,3557.17,530.63,3561.34,544.92,3562.74,547.12,3562.53,549.32,3562.74,550.05,3562.67,550.78,3562.74,552.25,3562.6,553.71,3562.74,555.18,3562.6,556.64,3562.74,558.11,3562.6,559.57,3562.74,561.04,3562.6,562.5,3562.74,564.7,3562.53,566.9,3562.74,568.36,3562.6,569.82,3562.74,584.11,3561.34,597.85,3557.17,610.52,3550.4,621.61,3541.29,622.27,3540.49,623.08,3539.83,623.74,3539.02,624.54,3538.36,625.2,3537.56,626.01,3536.9,635.12,3525.8,641.89,3513.14,644.21,3505.48,644.82,3504.35,648.98,3490.61,649.13,3489.08,650.45,3484.75,651.86,3470.46,651.49,3466.8,651.86,3463.14,651.64,3460.94,651.86,3458.74,651.64,3456.54,651.86,3454.35,651.78,3453.61,651.86,3452.88,651.64,3450.68,651.86,3448.49,651.64,3446.29,651.86,3444.09,651.64,3441.89,651.86,3439.7,651.71,3438.23,651.86,3436.77,651.57,3433.84,651.86,3430.91,651.64,3428.71,651.86,3426.51,651.57,3423.58,651.86,3420.65,651.71,3419.19,651.86,3417.73,651.64,3415.53,651.86,3413.33,651.78,3412.6,651.86,3411.87,651.64,3409.67,651.86,3407.47,651.64,3405.27,651.86,3403.08,651.64,3400.88,651.86,3398.68,651.64,3396.48,651.86,3394.29,651.71,3392.82,651.86,3391.36,651.78,3390.63,651.86,3389.89,651.71,3388.43,651.86,3386.96,651.64,3384.77,651.86,3382.57,650.45,3368.28,646.28,3354.54,639.51,3341.88,630.4,3330.78,629.6,3330.12,628.94,3329.31,628.13,3328.65,627.47,3327.85,616.38,3318.74,603.71,3311.97,603.28,3311.84,600.78,3310.51,587.04,3306.34,576.84,3305.34,575.32,3304.87,567.29,3304.08,565.07,3303.41,557.68,3302.68,550.42,3300.48,536.13,3299.07,531.58,3299.52,529.91,3299.02,515.63,3297.61,511.96,3297.97,508.3,3297.61,507.57,3297.68,506.84,3297.61,504.64,3297.82,502.44,3297.61,500.98,3297.75,499.51,3297.61,498.78,3297.68,498.05,3297.61,496.58,3297.75,495.12,3297.61,480.83,3299.02,467.09,3303.18,466.39,3303.56,465.82,3303.61,464.36,3303.47,462.16,3303.68,459.96,3303.47,457.76,3303.68,455.57,3303.47,453.37,3303.68,451.17,3303.47,448.98,3303.68,446.78,3303.47,446.05,3303.54,445.31,3303.47,443.85,3303.61,442.38,3303.47,441.65,3303.54,440.92,3303.47,439.45,3303.61,437.99,3303.47,423.7,3304.87,420.07,3305.98,416.38,3306.34,412.04,3307.65,410.52,3307.8,406.89,3308.9,403.19,3309.27,396.97,3311.16,390.75,3309.27,376.47,3307.86,362.18,3309.27,348.44,3313.44,335.77,3320.21,324.68,3329.31,315.57,3340.41,308.8,3353.08,304.63,3366.82,303.22,3381.1]","{""size"":9172840,""mimetype"":""image\/jpeg"",""width"":6000,""height"":4000,""metadata"":{""distance_to_ground"":""3.8"",""yaw"":""91.23""}}",130650
171493,791,Zoantharia,"Cnidaria > Hexacorallia > Zoantharia",52,Marin,MARCILLAT,112295,20190404T040944.980125Z.jpg,-176.5683785,-21.98912914,3,Polygon,"[704.59,3722.41,706,3736.7,710.17,3750.44,716.63,3762.54,716.25,3763.79,714.84,3778.08,714.92,3778.81,714.84,3779.54,714.92,3780.27,714.84,3781.01,716.25,3795.3,720.42,3809.03,721.33,3810.75,724.81,3822.22,726.14,3824.71,726.28,3825.15,733.05,3837.81,736.38,3841.87,738.91,3846.6,748.02,3857.7,759.11,3866.81,762.93,3868.85,769.37,3874.13,771.41,3875.22,771.45,3875.28,782.55,3884.39,795.21,3891.15,808.95,3895.32,810.48,3895.47,814.81,3896.79,829.1,3898.19,831.3,3897.98,833.5,3898.19,836.43,3897.91,839.36,3898.19,841.55,3897.98,843.75,3898.19,845.95,3897.98,848.15,3898.19,849.61,3898.05,851.07,3898.19,851.81,3898.12,852.54,3898.19,854,3898.05,855.47,3898.19,869.76,3896.79,883.5,3892.62,884.07,3892.31,887.89,3891.15,900.55,3884.39,911.65,3875.28,912.31,3874.47,913.12,3873.81,915.1,3871.4,917.51,3869.42,917.88,3868.98,918.1,3868.95,931.84,3864.79,932.41,3864.48,936.23,3863.32,941.21,3860.66,942.09,3860.39,954.75,3853.62,965.85,3844.52,967.84,3842.1,970.25,3840.12,977.23,3831.61,977.57,3831.33,986.68,3820.23,993.45,3807.57,997.62,3793.83,997.77,3792.3,999.08,3787.97,1000.49,3773.68,1000.34,3772.22,1000.49,3770.75,1000.27,3768.56,1000.49,3766.36,1000.42,3765.63,1000.49,3764.89,1000.34,3763.43,1000.49,3761.96,1000.34,3760.5,1000.49,3759.03,999.08,3744.74,994.91,3731.01,993.58,3728.51,993.45,3728.08,986.68,3715.41,983.35,3711.35,980.82,3706.62,979.15,3704.59,977.89,3702.23,968.78,3691.13,967.98,3690.47,967.32,3689.67,965.71,3688.35,964.39,3686.74,953.29,3677.63,940.63,3670.86,938.88,3670.33,928.91,3665,915.17,3660.83,900.88,3659.42,900.15,3659.5,899.41,3659.42,898.68,3659.5,897.95,3659.42,895.02,3659.71,892.09,3659.42,891.19,3659.51,885.87,3657.9,871.58,3656.49,868.65,3656.78,865.72,3656.49,864.49,3656.62,863.9,3656.44,852.81,3655.35,841.93,3652.04,827.64,3650.64,825.3,3650.87,824.35,3650.58,810.06,3649.17,809.93,3649.18,809.7,3649.11,795.41,3647.71,791.02,3648.14,786.62,3647.71,783.69,3647.99,780.76,3647.71,779.3,3647.85,777.83,3647.71,763.54,3649.11,749.8,3653.28,737.14,3660.05,726.04,3669.16,716.93,3680.26,710.17,3692.92,706,3706.66,704.59,3720.95,704.66,3721.68,704.59,3722.41]","{""size"":9172840,""mimetype"":""image\/jpeg"",""width"":6000,""height"":4000,""metadata"":{""distance_to_ground"":""3.8"",""yaw"":""91.23""}}",130651
171494,791,Zoantharia,"Cnidaria > Hexacorallia > Zoantharia",52,Marin,MARCILLAT,112295,20190404T040944.980125Z.jpg,-176.5683785,-21.98912914,3,Polygon,"[335.45,3948,336.86,3962.29,341.02,3976.03,347.79,3988.69,356.9,3999.79,368,4008.9,380.66,4015.67,394.4,4019.83,408.69,4021.24,409.42,4021.17,410.16,4021.24,410.89,4021.17,411.62,4021.24,413.82,4021.02,416.02,4021.24,430.3,4019.83,430.54,4019.76,430.66,4019.78,437.26,4019.13,443.85,4019.78,454.1,4018.77,464.36,4019.78,468.75,4019.34,473.15,4019.78,487.43,4018.37,494.69,4016.17,502.08,4015.44,502.31,4015.37,502.44,4015.38,503.91,4015.24,505.37,4015.38,508.3,4015.09,511.23,4015.38,515.63,4014.95,520.02,4015.38,522.95,4015.09,525.88,4015.38,529.54,4015.02,533.2,4015.38,537.6,4014.95,541.99,4015.38,544.92,4015.09,547.85,4015.38,551.3,4015.04,552.61,4015.44,556.3,4015.8,559.93,4016.9,574.22,4018.31,577.15,4018.02,580.08,4018.31,582.28,4018.09,584.47,4018.31,586.67,4018.1,588.87,4018.31,591.8,4018.02,594.73,4018.31,596.92,4018.1,599.12,4018.31,600.59,4018.17,602.05,4018.31,616.34,4016.9,630.08,4012.74,642.74,4005.97,653.84,3996.86,662.95,3985.76,663.72,3984.31,667.34,3979.9,674.11,3967.24,675.41,3962.98,677.04,3959.91,677.17,3959.48,678.51,3956.98,679.67,3953.16,679.97,3952.59,680.11,3952.15,681.44,3949.66,681.7,3948.79,684.37,3943.8,688.53,3930.06,689.33,3922.03,690,3919.81,691.41,3905.52,691.19,3903.32,691.41,3901.12,691.19,3898.93,691.41,3896.73,691.26,3895.26,691.41,3893.8,691.12,3890.87,691.41,3887.94,691.05,3884.28,691.41,3880.62,691.26,3879.15,691.41,3877.69,690.9,3872.56,691.41,3867.43,691.19,3865.23,691.41,3863.04,691.05,3859.38,691.41,3855.71,690.97,3851.32,691.41,3846.92,691.05,3843.26,691.41,3839.6,690.9,3834.47,691.41,3829.35,690.9,3824.22,691.41,3819.09,691.05,3815.43,691.41,3811.77,691.12,3808.84,691.41,3805.91,691.05,3802.25,691.41,3798.58,690,3784.3,688.68,3779.96,688.53,3778.44,687.22,3774.1,687.07,3772.58,682.9,3758.84,682.6,3758.27,681.44,3754.44,681.13,3753.88,679.97,3750.05,675.48,3741.64,675.35,3740.35,671.18,3726.61,669.85,3724.12,669.72,3723.68,662.95,3711.02,653.84,3699.92,652.23,3698.6,650.91,3696.99,650.11,3696.33,649.45,3695.52,638.35,3686.42,625.69,3679.65,621.86,3678.49,621.29,3678.18,607.55,3674.02,593.26,3672.61,589.6,3672.97,585.94,3672.61,581.54,3673.04,577.15,3672.61,572.75,3673.04,568.36,3672.61,563.81,3673.06,562.14,3672.55,547.85,3671.14,547.73,3671.16,547.49,3671.09,533.2,3669.68,524.41,3670.54,515.63,3669.68,507.57,3670.47,499.51,3669.68,489.26,3670.69,479,3669.68,475.34,3670.04,471.68,3669.68,469.48,3669.89,467.29,3669.68,453,3671.09,439.26,3675.25,426.59,3682.02,415.5,3691.13,406.39,3702.23,399.62,3714.89,395.45,3728.63,394.04,3742.92,395.45,3757.21,399.62,3770.95,406.39,3783.61,415.5,3794.71,422.8,3800.71,420.13,3805.71,419.6,3807.46,418.51,3809.5,417.3,3810.97,416.96,3811.25,407.85,3822.35,404.83,3827.99,403.46,3829.67,396.69,3842.33,396.28,3843.69,387.34,3854.57,387.06,3855.1,383.61,3859.31,383.27,3859.59,374.16,3870.69,372.61,3873.58,365.37,3882.41,360.74,3891.07,359.83,3891.81,350.72,3902.91,349.46,3905.28,347.79,3907.31,341.02,3919.97,336.86,3933.71,335.45,3948]","{""size"":9172840,""mimetype"":""image\/jpeg"",""width"":6000,""height"":4000,""metadata"":{""distance_to_ground"":""3.8"",""yaw"":""91.23""}}",130652
171495,791,Zoantharia,"Cnidaria > Hexacorallia > Zoantharia",52,Marin,MARCILLAT,112295,20190404T040944.980125Z.jpg,-176.5683785,-21.98912914,3,Polygon,"[-52.73,3766.36,-51.33,3780.65,-50.01,3784.98,-49.86,3786.51,-46.38,3797.98,-46.88,3802.98,-45.47,3817.27,-41.52,3830.27,-41.07,3834.85,-39.35,3840.52,-39.55,3842.53,-38.14,3856.82,-38.07,3857.05,-38.09,3857.18,-36.68,3871.47,-32.51,3885.21,-31.18,3887.7,-31.05,3888.14,-24.28,3900.8,-15.17,3911.9,-4.07,3921.01,8.59,3927.77,22.33,3931.94,36.62,3933.35,50.91,3931.94,64.65,3927.77,77.31,3921.01,88.41,3911.9,89.07,3911.1,89.88,3910.43,95.16,3903.99,101.6,3898.71,101.64,3898.66,103.68,3897.57,114.78,3888.46,117.96,3884.58,118.33,3884.39,122.74,3880.76,124.19,3879.99,133.01,3872.75,135.91,3871.2,147.01,3862.09,150.31,3858.07,154.33,3854.77,157.63,3850.74,161.65,3847.44,166.93,3841.01,173.37,3835.73,175.35,3833.31,177.77,3831.33,186.88,3820.23,187.65,3818.79,191.27,3814.37,192.05,3812.92,195.66,3808.51,196.93,3806.15,198.59,3804.12,205.36,3791.46,209.53,3777.72,209.68,3776.19,211,3771.86,212.4,3757.57,212.26,3756.1,212.4,3754.64,212.26,3753.17,212.4,3751.71,212.19,3749.51,212.4,3747.31,212.19,3745.12,212.4,3742.92,212.11,3739.99,212.4,3737.06,211,3722.77,209.68,3718.44,209.53,3716.91,205.36,3703.17,204.03,3700.68,203.9,3700.24,197.13,3687.58,188.02,3676.48,176.92,3667.37,167.99,3662.6,166.67,3661.51,154.01,3654.75,152.69,3654.35,145.67,3650.59,144.7,3649.8,133.4,3643.76,130.05,3641.01,117.38,3634.24,108.86,3631.65,102.74,3628.38,94.93,3626.01,94.27,3625.21,83.17,3616.1,70.51,3609.34,56.77,3605.17,45.04,3604.01,39.19,3602.24,24.9,3600.83,23.44,3600.97,21.97,3600.83,7.68,3602.24,-6.06,3606.41,-18.72,3613.17,-29.82,3622.28,-38.93,3633.38,-45.69,3646.04,-49.86,3659.78,-51.27,3674.07,-49.86,3688.36,-45.69,3702.1,-38.93,3714.76,-38.79,3714.93,-40.39,3716.88,-47.16,3729.54,-51.33,3743.28,-52.73,3757.57,-52.66,3758.3,-52.73,3759.03,-52.52,3761.23,-52.73,3763.43,-52.59,3764.89,-52.73,3766.36]","{""size"":9172840,""mimetype"":""image\/jpeg"",""width"":6000,""height"":4000,""metadata"":{""distance_to_ground"":""3.8"",""yaw"":""91.23""}}",130653
171498,791,Zoantharia,"Cnidaria > Hexacorallia > Zoantharia",52,Marin,MARCILLAT,112295,20190404T040944.980125Z.jpg,-176.5683785,-21.98912914,3,Polygon,"[320.8,3136.48,322.21,3150.76,326.38,3164.5,326.68,3165.07,327.84,3168.9,334.61,3181.56,335.98,3183.24,339,3188.89,348.11,3199.98,359.21,3209.09,371.87,3215.86,375.7,3217.02,376.27,3217.33,390.01,3221.49,404.3,3222.9,406.49,3222.68,408.69,3222.9,410.89,3222.68,413.09,3222.9,416.75,3222.54,420.41,3222.9,423.34,3222.61,426.27,3222.9,429.93,3222.54,433.59,3222.9,447.88,3221.49,461.62,3217.33,466.61,3214.66,467.48,3214.4,480.14,3207.63,482.17,3205.96,484.54,3204.7,495.64,3195.59,502.62,3187.08,502.96,3186.8,504.28,3185.19,505.89,3183.87,515,3172.77,515.77,3171.33,517.93,3168.7,519.08,3167.76,528.18,3156.66,534.95,3144,535.22,3143.12,537.88,3138.14,538.15,3137.26,540.81,3132.28,541.97,3128.45,542.28,3127.88,546.44,3114.14,547.85,3099.85,547.71,3098.39,547.85,3096.92,547.78,3096.19,547.85,3095.46,547.71,3093.99,547.85,3092.53,547.78,3091.8,547.85,3091.06,547.71,3089.6,547.85,3088.14,547.78,3087.4,547.85,3086.67,547.78,3085.94,547.85,3085.21,547.71,3083.74,547.85,3082.28,547.71,3080.81,547.85,3079.35,547.78,3078.61,547.85,3077.88,546.44,3063.59,542.28,3049.85,535.51,3037.19,533.84,3035.16,532.58,3032.8,523.47,3021.7,522.67,3021.04,522.01,3020.23,521.2,3019.57,520.54,3018.77,518.93,3017.45,517.61,3015.84,516.81,3015.18,516.15,3014.37,514.54,3013.05,513.22,3011.44,502.12,3002.33,499.75,3001.07,497.72,2999.4,485.98,2993.13,485.38,2992.4,474.29,2983.29,461.62,2976.52,447.88,2972.36,433.59,2970.95,419.31,2972.36,405.57,2976.52,392.9,2983.29,381.8,2992.4,372.7,3003.5,371.43,3005.86,369.77,3007.89,369.48,3008.42,363.91,3015.22,362.32,3018.19,359.83,3020.23,350.72,3031.33,349.95,3032.78,346.33,3037.19,339.56,3049.85,339.3,3050.73,336.63,3055.71,332.46,3069.45,332.38,3070.28,330.77,3073.29,329.35,3077.99,326.38,3083.54,322.21,3097.28,320.8,3111.57,321.09,3114.5,320.8,3117.43,321.09,3120.36,320.8,3123.29,321.02,3125.49,320.8,3127.69,321.02,3129.88,320.8,3132.08,321.02,3134.28,320.8,3136.48]","{""size"":9172840,""mimetype"":""image\/jpeg"",""width"":6000,""height"":4000,""metadata"":{""distance_to_ground"":""3.8"",""yaw"":""91.23""}}",130656
171500,791,Zoantharia,"Cnidaria > Hexacorallia > Zoantharia",52,Marin,MARCILLAT,112295,20190404T040944.980125Z.jpg,-176.5683785,-21.98912914,3,Polygon,"[550.78,3228.76,552.19,3243.05,556.36,3256.79,563.13,3269.45,572.23,3280.55,583.33,3289.66,596,3296.43,609.74,3300.6,624.02,3302,624.76,3301.93,625.49,3302,639.78,3300.6,653.52,3296.43,654.66,3295.82,662.31,3293.5,667.86,3290.53,672.56,3289.1,673.7,3288.49,681.35,3286.17,691.32,3280.84,693.07,3280.31,705.73,3273.55,707.05,3272.46,715.98,3267.69,717.31,3266.6,723.55,3263.27,725.29,3262.74,737.96,3255.97,746.78,3248.73,749.68,3247.18,760.77,3238.07,764.74,3233.24,769.56,3229.28,774.18,3223.65,779.82,3219.03,779.82,3219.02,781.94,3226.03,783.28,3228.52,783.41,3228.96,790.18,3241.62,793.51,3245.68,796.04,3250.41,804.38,3260.58,804.2,3262.45,804.42,3264.65,804.2,3266.85,804.27,3267.58,804.2,3268.31,804.27,3269.04,804.2,3269.78,805.61,3284.06,809.77,3297.8,816.54,3310.47,825.65,3321.57,826.46,3322.23,827.12,3323.03,828.73,3324.35,830.05,3325.96,841.15,3335.07,849.69,3339.63,850.7,3340.46,852.02,3342.07,863.12,3351.18,863.65,3351.47,870.44,3357.04,883.1,3363.81,896.84,3367.98,911.13,3369.39,925.42,3367.98,939.16,3363.81,951.82,3357.04,962.92,3347.93,972.03,3336.83,978.8,3324.17,982.97,3310.43,984.38,3296.14,984.3,3295.41,984.38,3294.68,982.97,3280.39,978.8,3266.65,972.03,3253.99,962.92,3242.89,951.82,3233.78,950.38,3233.01,949.28,3221.8,945.11,3208.06,943.47,3205,942.18,3200.73,935.41,3188.07,926.3,3176.97,923.82,3174.93,922.23,3171.96,921.31,3170.84,921.03,3167.97,921.39,3164.31,921.1,3161.38,921.39,3158.45,921.03,3154.79,921.39,3151.12,921.1,3148.19,921.39,3145.26,919.98,3130.98,919.8,3130.39,919.92,3129.15,919.63,3126.22,919.92,3123.29,919.71,3121.09,919.92,3118.9,919.63,3115.97,919.92,3113.04,919.63,3110.11,919.92,3107.18,918.52,3092.89,914.35,3079.15,914.04,3078.58,912.88,3074.76,906.11,3062.09,897.01,3050.99,895.4,3049.67,894.08,3048.06,891.66,3046.08,889.68,3043.67,878.58,3034.56,865.92,3027.79,862.54,3026.77,859.54,3024.31,846.88,3017.54,833.14,3013.37,818.85,3011.96,812.26,3012.61,805.66,3011.96,799.81,3012.54,793.95,3011.96,791.02,3012.25,788.09,3011.96,784.42,3012.32,780.76,3011.96,777.83,3012.25,774.9,3011.96,760.61,3013.37,746.87,3017.54,734.21,3024.31,723.11,3033.42,722.83,3033.76,714.32,3040.74,713,3042.35,711.39,3043.67,702.29,3054.77,695.52,3067.43,695.25,3068.3,692.59,3073.29,692.32,3074.16,689.66,3079.15,686.18,3090.62,685.26,3092.33,681.1,3106.07,681.01,3106.96,680.01,3110.24,679.64,3110.93,678.85,3111.9,678.56,3112.43,672.99,3119.22,672.71,3119.75,671.62,3121.08,665.98,3125.7,662.02,3130.53,659.47,3132.62,659.27,3132.73,657.52,3133.26,644.86,3140.03,643.54,3141.11,634.6,3145.89,633.28,3146.98,627.04,3150.31,625.29,3150.84,624.15,3151.45,616.5,3153.77,612.3,3156.01,600.39,3159.63,599.82,3159.93,596,3161.09,583.33,3167.86,572.23,3176.97,563.13,3188.07,556.36,3200.73,552.19,3214.47,550.78,3228.76]","{""size"":9172840,""mimetype"":""image\/jpeg"",""width"":6000,""height"":4000,""metadata"":{""distance_to_ground"":""3.8"",""yaw"":""91.23""}}",130658
171501,791,Zoantharia,"Cnidaria > Hexacorallia > Zoantharia",52,Marin,MARCILLAT,112295,20190404T040944.980125Z.jpg,-176.5683785,-21.98912914,3,Polygon,"[1193.85,3096.92,1192.44,3082.63,1188.27,3068.9,1181.5,3056.23,1172.4,3045.13,1161.3,3036.03,1148.63,3029.26,1134.89,3025.09,1120.61,3023.68,1106.32,3025.09,1092.58,3029.26,1079.91,3036.03,1068.82,3045.13,1059.71,3056.23,1052.94,3068.9,1048.77,3082.63,1047.36,3096.92,1048.77,3111.21,1052.94,3124.95,1059.71,3137.62,1068.82,3148.71,1079.91,3157.82,1092.58,3164.59,1106.32,3168.76,1120.61,3170.17,1134.89,3168.76,1148.63,3164.59,1161.3,3157.82,1172.4,3148.71,1181.5,3137.62,1188.27,3124.95,1192.44,3111.21,1193.85,3096.92]","{""size"":9172840,""mimetype"":""image\/jpeg"",""width"":6000,""height"":4000,""metadata"":{""distance_to_ground"":""3.8"",""yaw"":""91.23""}}",130659
171502,791,Zoantharia,"Cnidaria > Hexacorallia > Zoantharia",52,Marin,MARCILLAT,112295,20190404T040944.980125Z.jpg,-176.5683785,-21.98912914,3,Polygon,"[971.19,3669.68,972.6,3683.97,976.77,3697.71,983.54,3710.37,992.64,3721.47,993.45,3722.13,994.11,3722.93,1005.21,3732.04,1017.87,3738.81,1031.61,3742.98,1032.49,3743.06,1035.77,3744.06,1036.91,3744.67,1050.65,3748.84,1052.18,3748.99,1056.51,3750.3,1066.07,3751.24,1072.63,3753.23,1074.15,3753.38,1078.49,3754.7,1092.77,3756.1,1094.01,3755.98,1094.6,3756.16,1096.12,3756.31,1100.46,3757.63,1114.75,3759.03,1116.94,3758.82,1119.14,3759.03,1121.34,3758.82,1123.54,3759.03,1137.82,3757.63,1142.16,3756.31,1143.68,3756.16,1157.42,3751.99,1159.92,3750.66,1160.35,3750.53,1173.02,3743.76,1184.11,3734.65,1187.42,3730.63,1191.44,3727.33,1192.1,3726.52,1192.9,3725.86,1202.01,3714.76,1208.78,3702.1,1209.94,3698.28,1210.25,3697.71,1210.38,3697.27,1211.71,3694.78,1211.84,3694.34,1213.18,3691.85,1213.31,3691.41,1214.64,3688.92,1218.81,3675.18,1220.22,3660.89,1220.14,3660.16,1220.22,3659.42,1220,3657.23,1220.22,3655.03,1220,3652.83,1220.22,3650.64,1219.93,3647.71,1220.22,3644.78,1219.78,3640.38,1220.22,3635.99,1220,3633.79,1220.22,3631.59,1220,3629.39,1220.22,3627.2,1218.81,3612.91,1214.64,3599.17,1214.34,3598.6,1213.18,3594.77,1206.41,3582.11,1197.3,3571.01,1196.49,3570.35,1195.83,3569.55,1184.73,3560.44,1181.57,3558.75,1180.95,3556.69,1174.18,3544.03,1165.07,3532.93,1164.27,3532.27,1163.61,3531.46,1152.51,3522.35,1139.85,3515.59,1126.11,3511.42,1111.82,3510.01,1097.53,3511.42,1083.79,3515.59,1071.13,3522.35,1060.03,3531.46,1059.36,3532.27,1058.56,3532.93,1057.9,3533.73,1057.1,3534.39,1056.16,3535.54,1046.84,3543.18,1045.52,3544.79,1043.91,3546.11,1041.93,3548.53,1039.52,3550.51,1030.41,3561.6,1029.15,3563.97,1027.48,3566,1024.46,3571.64,1023.88,3572.36,1017.87,3574.18,1005.21,3580.95,994.11,3590.06,985,3601.16,978.23,3613.82,974.06,3627.56,972.66,3641.85,973.54,3650.82,972.6,3653.92,971.19,3668.21,971.26,3668.95,971.19,3669.68]","{""size"":9172840,""mimetype"":""image\/jpeg"",""width"":6000,""height"":4000,""metadata"":{""distance_to_ground"":""3.8"",""yaw"":""91.23""}}",130660
171503,791,Zoantharia,"Cnidaria > Hexacorallia > Zoantharia",52,Marin,MARCILLAT,112295,20190404T040944.980125Z.jpg,-176.5683785,-21.98912914,3,Polygon,"[1412.11,3633.06,1410.7,3618.77,1406.53,3605.03,1399.77,3592.37,1390.66,3581.27,1379.56,3572.16,1366.9,3565.39,1353.16,3561.22,1338.87,3559.81,1324.58,3561.22,1310.84,3565.39,1298.18,3572.16,1287.08,3581.27,1277.97,3592.37,1271.2,3605.03,1267.03,3618.77,1265.63,3633.06,1267.03,3647.35,1271.2,3661.09,1277.97,3673.75,1287.08,3684.85,1298.18,3693.96,1310.84,3700.72,1324.58,3704.89,1338.87,3706.3,1353.16,3704.89,1366.9,3700.72,1379.56,3693.96,1390.66,3684.85,1399.77,3673.75,1406.53,3661.09,1410.7,3647.35,1412.11,3633.06]","{""size"":9172840,""mimetype"":""image\/jpeg"",""width"":6000,""height"":4000,""metadata"":{""distance_to_ground"":""3.8"",""yaw"":""91.23""}}",130661
171506,791,Zoantharia,"Cnidaria > Hexacorallia > Zoantharia",52,Marin,MARCILLAT,112295,20190404T040944.980125Z.jpg,-176.5683785,-21.98912914,3,Polygon,"[278.32,2692.63,279.73,2706.92,283.9,2720.66,290.66,2733.32,299.77,2744.42,300.58,2745.08,301.24,2745.88,312.34,2754.99,325,2761.76,338.74,2765.93,353.03,2767.33,356.69,2766.97,360.35,2767.33,374.64,2765.93,376.16,2765.47,386.36,2764.46,391.85,2762.8,397.33,2764.46,411.62,2765.87,412.35,2765.8,413.09,2765.87,416.02,2765.58,418.95,2765.87,423.34,2765.44,427.73,2765.87,430.07,2765.64,431.02,2765.93,445.31,2767.33,448.1,2767.06,458.86,2770.32,473.15,2771.73,475.34,2771.51,477.54,2771.73,481.2,2771.37,484.86,2771.73,487.06,2771.51,489.26,2771.73,490.72,2771.59,492.19,2771.73,492.32,2771.72,492.55,2771.79,506.84,2773.19,507.57,2773.12,508.3,2773.19,509.77,2773.05,511.23,2773.19,512.7,2773.05,514.16,2773.19,517.09,2772.9,520.02,2773.19,523.68,2772.83,527.34,2773.19,529.54,2772.98,531.74,2773.19,535.4,2772.83,539.06,2773.19,541.99,2772.91,544.92,2773.19,548.58,2772.83,552.25,2773.19,554.44,2772.98,556.64,2773.19,558.84,2772.98,561.04,2773.19,563.23,2772.98,565.43,2773.19,568.36,2772.91,571.29,2773.19,574.95,2772.83,578.61,2773.19,592.9,2771.79,593.49,2771.61,594.73,2771.73,609.02,2770.32,614.69,2768.6,616.7,2768.8,622.56,2768.22,628.42,2768.8,632.81,2768.37,637.21,2768.8,640.87,2768.44,644.53,2768.8,658.82,2767.39,661.75,2766.5,667.61,2765.93,671.24,2764.83,674.93,2764.46,675.17,2764.39,675.29,2764.4,679.69,2763.97,684.08,2764.4,688.48,2763.97,692.87,2764.4,698,2763.9,703.13,2764.4,708.99,2763.83,714.84,2764.4,717.77,2764.12,720.7,2764.4,725.1,2763.97,729.49,2764.4,731.69,2764.19,733.89,2764.4,736.82,2764.12,739.75,2764.4,754.04,2763,756.26,2762.32,764.29,2761.53,764.88,2761.35,766.11,2761.48,769.04,2761.19,771.97,2761.48,773.44,2761.33,774.9,2761.48,776.37,2761.33,777.83,2761.48,778.57,2761.4,779.3,2761.48,780.03,2761.4,780.76,2761.48,795.05,2760.07,795.28,2760,795.41,2760.01,809.7,2758.6,809.93,2758.53,810.06,2758.55,812.26,2758.33,814.45,2758.55,816.65,2758.33,818.85,2758.55,821.78,2758.26,824.71,2758.55,825.44,2758.47,826.17,2758.55,828.37,2758.33,830.57,2758.55,831.3,2758.47,832.03,2758.55,833.5,2758.4,834.96,2758.55,837.16,2758.33,839.36,2758.55,843.75,2758.11,848.15,2758.55,851.07,2758.26,854,2758.55,856.2,2758.33,858.4,2758.55,860.6,2758.33,862.79,2758.55,866.46,2758.18,870.12,2758.55,872.32,2758.33,874.51,2758.55,876.71,2758.33,878.91,2758.55,879.64,2758.47,880.37,2758.55,894.66,2757.14,908.4,2752.97,921.06,2746.2,932.16,2737.09,941.27,2725.99,948.04,2713.33,952.21,2699.59,953.61,2685.3,952.21,2671.01,948.04,2657.27,941.27,2644.61,932.16,2633.51,921.06,2624.4,908.4,2617.64,894.66,2613.47,880.37,2612.06,879.64,2612.13,878.91,2612.06,876.71,2612.28,874.51,2612.06,872.32,2612.28,870.12,2612.06,866.46,2612.42,862.79,2612.06,860.6,2612.28,858.4,2612.06,856.2,2612.28,854,2612.06,851.07,2612.35,848.15,2612.06,843.75,2612.49,839.36,2612.06,837.16,2612.28,834.96,2612.06,833.5,2612.21,832.03,2612.06,831.3,2612.13,830.57,2612.06,828.37,2612.28,826.17,2612.06,825.44,2612.13,824.71,2612.06,821.78,2612.35,818.85,2612.06,816.65,2612.28,814.45,2612.06,812.26,2612.28,810.06,2612.06,805.66,2612.49,801.27,2612.06,786.98,2613.47,786.75,2613.54,786.62,2613.53,785.16,2613.67,783.69,2613.53,769.4,2614.93,768.45,2615.22,766.11,2614.99,763.92,2615.21,761.72,2614.99,760.25,2615.13,758.79,2614.99,757.32,2615.13,755.86,2614.99,755.13,2615.06,754.4,2614.99,753.66,2615.06,752.93,2614.99,738.64,2616.4,735.01,2617.5,731.32,2617.86,730.73,2618.04,729.49,2617.92,725.1,2618.35,720.7,2617.92,717.77,2618.21,714.84,2617.92,708.98,2618.5,703.85,2617.99,709.27,2607.86,709.4,2607.42,710.73,2604.93,714.9,2591.19,716.31,2576.9,716.17,2575.44,716.31,2573.98,716.24,2573.24,716.31,2572.51,716.17,2571.05,716.31,2569.58,716.24,2568.85,716.31,2568.12,716.17,2566.65,716.31,2565.19,716.24,2564.45,716.31,2563.72,716.24,2562.99,716.31,2562.26,714.9,2547.97,710.73,2534.23,710.43,2533.66,709.27,2529.83,707.94,2527.34,707.8,2526.9,705.14,2521.92,704.87,2521.04,698.11,2508.38,689,2497.28,688.19,2496.62,687.53,2495.82,676.43,2486.71,663.77,2479.94,650.03,2475.77,635.74,2474.37,634.28,2474.51,632.81,2474.37,632.08,2474.44,631.35,2474.37,629.15,2474.58,626.95,2474.37,625.49,2474.51,624.02,2474.37,621.09,2474.65,618.16,2474.37,603.88,2475.77,595.21,2478.4,592.16,2478.7,589.93,2479.38,581.9,2480.17,579.68,2480.84,571.65,2481.63,557.91,2485.8,554.28,2487.74,546.19,2490.19,533.53,2496.96,532.56,2497.76,532.44,2497.82,528.61,2498.98,521.13,2502.98,519.82,2503.38,517.33,2504.71,516.89,2504.84,514.4,2506.18,513.96,2506.31,511.48,2507.64,511.03,2507.77,498.57,2514.43,496.39,2515.1,491.4,2517.76,490.53,2518.03,485.54,2520.69,484.67,2520.96,479.68,2523.62,478.81,2523.89,466.15,2530.65,464.12,2532.32,461.75,2533.58,460.43,2534.67,456.68,2536.67,455.37,2537.07,442.71,2543.84,441.18,2545.1,429,2548.79,425.94,2550.43,421.68,2551.72,418.67,2553.33,417.84,2553.41,404.13,2557.57,401.73,2557.8,397.39,2559.12,395.87,2559.27,382.13,2563.44,377.15,2566.1,376.27,2566.37,373.78,2567.7,373.34,2567.83,360.68,2574.6,349.58,2583.71,348.92,2584.51,348.11,2585.17,339,2596.27,332.24,2608.93,328.07,2622.67,327.98,2623.61,323.53,2624.96,310.87,2631.73,299.77,2640.84,290.66,2651.94,283.9,2664.6,279.73,2678.34,278.32,2692.63]","{""size"":9172840,""mimetype"":""image\/jpeg"",""width"":6000,""height"":4000,""metadata"":{""distance_to_ground"":""3.8"",""yaw"":""91.23""}}",130664
171508,791,Zoantharia,"Cnidaria > Hexacorallia > Zoantharia",52,Marin,MARCILLAT,112295,20190404T040944.980125Z.jpg,-176.5683785,-21.98912914,3,Polygon,"[158.2,2925.54,159.61,2939.83,163.55,2952.83,164.01,2957.4,168.17,2971.14,169.51,2973.64,169.64,2974.07,170.55,2975.78,174.03,2987.26,178.33,2995.31,179.45,2998.99,180.12,3005.74,184.29,3019.48,188.07,3026.57,188.91,3035.04,193.08,3048.78,199.84,3061.44,208.95,3072.54,220.05,3081.65,232.71,3088.42,246.45,3092.59,260.74,3093.99,275.03,3092.59,288.77,3088.42,301.43,3081.65,312.53,3072.54,321.64,3061.44,328.41,3048.78,332.58,3035.04,333.98,3020.75,333.7,3017.82,333.98,3014.89,333.77,3012.7,333.98,3010.5,332.58,2996.21,328.41,2982.47,325.14,2976.35,324.09,2972.89,323.79,2969.84,319.62,2956.1,319.32,2955.53,318.16,2951.71,317.85,2951.14,316.69,2947.31,316.08,2946.18,313.76,2938.52,312.43,2936.03,312.3,2935.59,309.33,2930.04,308.47,2927.23,310.19,2927.06,323.93,2922.89,326.99,2921.25,328.4,2920.83,339.48,2919.74,353.22,2915.57,365.89,2908.8,376.99,2899.69,386.09,2888.59,392.86,2875.93,397.03,2862.19,398.44,2847.9,397.03,2833.61,392.86,2819.87,386.09,2807.21,376.99,2796.11,365.89,2787,353.22,2780.23,352.78,2780.1,350.29,2778.77,336.55,2774.6,322.27,2773.19,321.53,2773.27,320.8,2773.19,320.07,2773.27,319.34,2773.19,318.6,2773.27,317.87,2773.19,317.14,2773.27,316.41,2773.19,315.67,2773.27,314.94,2773.19,314.21,2773.27,313.48,2773.19,299.19,2774.6,285.45,2778.77,279.36,2782.02,278.32,2782.13,276.86,2781.98,262.57,2783.39,248.83,2787.56,243.84,2790.22,242.97,2790.49,240.48,2791.82,240.04,2791.95,232.56,2795.95,231.25,2796.35,218.59,2803.12,216.56,2804.78,214.19,2806.05,207.4,2811.62,206.87,2811.9,195.77,2821.01,193.13,2824.23,189.91,2826.87,188.59,2828.48,186.98,2829.8,177.87,2840.9,176.61,2843.26,174.94,2845.3,168.17,2857.96,168.04,2858.39,166.71,2860.89,166.58,2861.33,165.24,2863.82,164.08,2867.64,163.78,2868.21,159.61,2881.95,158.2,2896.24,158.49,2899.17,158.2,2902.1,158.49,2905.03,158.2,2907.96,158.42,2910.16,158.2,2912.35,158.35,2913.82,158.2,2915.28,158.35,2916.75,158.2,2918.21,158.28,2918.95,158.2,2919.68,158.28,2920.41,158.2,2921.14,158.35,2922.61,158.2,2924.07,158.28,2924.8,158.2,2925.54]","{""size"":9172840,""mimetype"":""image\/jpeg"",""width"":6000,""height"":4000,""metadata"":{""distance_to_ground"":""3.8"",""yaw"":""91.23""}}",130666
171511,791,Zoantharia,"Cnidaria > Hexacorallia > Zoantharia",52,Marin,MARCILLAT,112295,20190404T040944.980125Z.jpg,-176.5683785,-21.98912914,3,Polygon,"[1415.04,2489.01,1416.45,2503.3,1416.63,2503.89,1416.5,2505.13,1416.65,2506.59,1416.5,2508.06,1416.58,2508.79,1416.5,2509.52,1417.91,2523.81,1422.08,2537.55,1425.35,2543.68,1427.94,2552.2,1429.27,2554.69,1429.4,2555.13,1436.17,2567.79,1445.28,2578.89,1446.09,2579.55,1446.75,2580.36,1447.55,2581.02,1448.21,2581.82,1457.8,2589.69,1462.54,2598.55,1466.16,2602.96,1466.93,2604.41,1476.04,2615.51,1477.65,2616.83,1478.97,2618.44,1480.58,2619.76,1481.9,2621.37,1483.17,2622.41,1484.51,2624.92,1488.13,2629.33,1488.91,2630.78,1494.48,2637.57,1494.77,2638.1,1503.87,2649.2,1514.97,2658.31,1518.79,2660.35,1525.23,2665.64,1526.67,2666.41,1531.09,2670.03,1543.75,2676.8,1545.06,2677.2,1552.54,2681.19,1554.73,2681.86,1567.19,2688.52,1580.93,2692.68,1595.22,2694.09,1595.95,2694.02,1596.68,2694.09,1610.97,2692.68,1624.71,2688.52,1627.2,2687.19,1627.64,2687.05,1640.3,2680.28,1651.4,2671.18,1660.51,2660.08,1667.28,2647.41,1671.44,2633.67,1672.85,2619.39,1671.44,2605.1,1670.46,2601.85,1670.76,2601.48,1677.53,2588.82,1681.7,2575.08,1682.64,2565.52,1684.63,2558.97,1685.63,2548.77,1686.09,2547.25,1687.5,2532.96,1687.43,2532.23,1687.5,2531.49,1687.36,2530.03,1687.5,2528.56,1687.43,2527.83,1687.5,2527.1,1687.43,2526.37,1687.5,2525.64,1687.43,2524.9,1687.5,2524.17,1687.43,2523.44,1687.5,2522.71,1687.43,2521.97,1687.5,2521.24,1687.43,2520.51,1687.5,2519.78,1687.43,2519.04,1687.5,2518.31,1687.43,2517.58,1687.5,2516.85,1687.43,2516.11,1687.5,2515.38,1687.43,2514.65,1687.5,2513.92,1686.09,2499.63,1681.93,2485.89,1681.01,2484.18,1677.53,2472.7,1672.93,2464.09,1670.21,2455.13,1663.44,2442.46,1654.33,2431.36,1653.53,2430.7,1652.86,2429.9,1652.06,2429.24,1651.4,2428.44,1649.79,2427.12,1648.47,2425.51,1637.37,2416.4,1635.33,2415.31,1635.29,2415.25,1624.19,2406.14,1618.54,2403.12,1616.86,2401.75,1615.67,2401.11,1615.53,2400.67,1614.32,2388.3,1612.11,2381.04,1611.39,2373.65,1607.22,2359.91,1605.58,2356.85,1604.29,2352.59,1597.52,2339.92,1588.41,2328.83,1577.31,2319.72,1564.65,2312.95,1550.91,2308.78,1536.62,2307.37,1535.16,2307.52,1533.69,2307.37,1532.96,2307.45,1532.23,2307.37,1517.94,2308.78,1504.2,2312.95,1503.63,2313.25,1499.8,2314.41,1497.31,2315.75,1496.87,2315.88,1484.21,2322.65,1473.11,2331.76,1464,2342.85,1460.99,2348.5,1459.61,2350.18,1453.57,2361.47,1450.82,2364.83,1444.05,2377.49,1442.89,2381.31,1442.59,2381.88,1441.92,2384.07,1435.26,2396.53,1431.1,2410.27,1431.01,2411.1,1429.4,2414.11,1427.08,2421.76,1426.47,2422.9,1426.34,2423.34,1425.01,2425.83,1422.69,2433.48,1422.08,2434.62,1417.91,2448.36,1417.12,2456.39,1416.45,2458.61,1415.04,2472.9,1415.18,2474.37,1415.04,2475.83,1415.26,2478.03,1415.04,2480.23,1415.26,2482.42,1415.04,2484.62,1415.26,2486.82,1415.04,2489.01]","{""size"":9172840,""mimetype"":""image\/jpeg"",""width"":6000,""height"":4000,""metadata"":{""distance_to_ground"":""3.8"",""yaw"":""91.23""}}",130669
171514,791,Zoantharia,"Cnidaria > Hexacorallia > Zoantharia",52,Marin,MARCILLAT,112295,20190404T040944.980125Z.jpg,-176.5683785,-21.98912914,3,Polygon,"[48.34,571.53,49.75,585.82,51.06,590.16,51.21,591.68,51.46,592.5,52.68,604.87,56.85,618.61,63.51,631.07,64.17,633.25,64.78,634.39,67.1,642.04,69.76,647.02,70.03,647.9,74.03,655.38,74.42,656.69,81.19,669.35,84.23,673.06,88.52,681.07,89.36,682.1,90.54,685.99,93.2,690.97,93.47,691.85,98.79,701.82,99.33,703.57,101.99,708.55,102.26,709.43,103.59,711.92,103.72,712.36,110.49,725.02,111.57,726.34,116.35,735.27,125.46,746.37,125.8,746.65,132.78,755.16,133.59,755.82,134.25,756.62,145.34,765.73,149.16,767.77,155.6,773.06,158.49,774.61,167.32,781.85,172.97,784.87,174.64,786.24,177,787.5,179.04,789.17,180.48,789.94,184.9,793.57,197.56,800.33,197.99,800.47,200.49,801.8,214.23,805.97,228.52,807.37,229.25,807.3,229.98,807.37,231.45,807.23,232.91,807.37,234.38,807.23,235.84,807.37,236.57,807.3,237.31,807.37,238.77,807.23,240.23,807.37,242.43,807.16,244.63,807.37,258.92,805.97,272.66,801.8,275.15,800.47,275.59,800.33,288.25,793.57,299.35,784.46,308.46,773.36,309.23,771.91,312.85,767.5,319.62,754.84,323.79,741.1,324.15,737.4,325.25,733.77,326.66,719.48,326.52,718.02,326.66,716.55,326.37,713.62,326.66,710.69,326.52,709.23,326.66,707.76,326.52,706.3,326.66,704.83,326.44,702.64,326.66,700.44,325.25,686.15,322.41,676.78,322.32,675.9,318.16,662.16,317.85,661.59,316.69,657.76,309.92,645.1,308.26,643.07,306.99,640.71,297.88,629.61,296.74,628.67,296.54,628.42,295.27,626.06,293.61,624.03,292.34,621.66,288.72,617.25,287.95,615.8,282.37,609.01,282.09,608.48,280.43,606.45,279.16,604.08,270.05,592.99,269.25,592.33,268.59,591.52,267.44,590.58,263.33,585.57,263.05,585.04,253.94,573.94,251.53,571.96,249.54,569.55,248.74,568.89,248.08,568.08,246.47,566.76,245.15,565.15,244.35,564.5,243.69,563.69,242.07,562.37,240.76,560.76,232.25,553.77,231.97,553.44,220.87,544.33,219.42,543.55,215.01,539.93,212.97,538.84,212.92,538.79,211.78,537.84,204.13,528.53,193.04,519.42,180.37,512.66,166.63,508.49,159.72,507.81,149.61,502.4,135.87,498.23,121.58,496.83,107.29,498.23,93.55,502.4,80.89,509.17,69.79,518.28,60.68,529.38,53.92,542.04,49.75,555.78,48.34,570.07,48.41,570.8,48.34,571.53]","{""size"":9172840,""mimetype"":""image\/jpeg"",""width"":6000,""height"":4000,""metadata"":{""distance_to_ground"":""3.8"",""yaw"":""91.23""}}",130672
171515,791,Zoantharia,"Cnidaria > Hexacorallia > Zoantharia",52,Marin,MARCILLAT,112295,20190404T040944.980125Z.jpg,-176.5683785,-21.98912914,3,Polygon,"[1316.9,510.01,1318.3,524.3,1322.47,538.04,1323.8,540.53,1323.94,540.97,1324.24,541.54,1325.4,545.36,1332.06,557.83,1332.72,560.01,1333.33,561.15,1335.65,568.8,1335.96,569.37,1337.12,573.2,1338.03,574.91,1341.51,586.38,1345.51,593.85,1345.91,595.17,1346.82,596.88,1350.3,608.35,1357.07,621.01,1358.45,622.69,1361.47,628.34,1370.57,639.44,1372.99,641.42,1373.1,641.56,1374.65,644.45,1383.76,655.55,1384.56,656.21,1385.22,657.02,1386.83,658.34,1388.15,659.94,1399.25,669.05,1411.91,675.82,1412.35,675.95,1414.84,677.29,1428.58,681.45,1442.87,682.86,1443.6,682.79,1444.34,682.86,1445.8,682.72,1447.27,682.86,1448,682.79,1448.73,682.86,1449.46,682.79,1450.2,682.86,1464.48,681.45,1465.08,681.28,1466.31,681.4,1467.77,681.25,1469.24,681.4,1483.53,679.99,1497.27,675.82,1499.76,674.49,1500.2,674.36,1512.86,667.59,1523.96,658.48,1524.62,657.68,1525.42,657.02,1526.08,656.21,1526.89,655.55,1536,644.45,1542.77,631.79,1546.93,618.05,1548.34,603.76,1548.27,603.03,1548.34,602.3,1548.27,601.56,1548.34,600.83,1548.27,600.1,1548.34,599.37,1548.27,598.63,1548.34,597.9,1548.27,597.17,1548.34,596.44,1546.93,582.15,1545.83,578.52,1545.47,574.82,1541.3,561.08,1534.53,548.42,1533.16,546.74,1530.14,541.1,1521.03,530,1512.52,523.01,1512.24,522.67,1511.43,522.01,1510.77,521.21,1509.97,520.55,1509.31,519.74,1508.51,519.08,1507.85,518.28,1497.89,510.11,1496.45,507.41,1487.34,496.31,1487.31,496.28,1485.64,490.77,1481.03,482.15,1478.31,473.19,1477.84,472.32,1478.03,470.46,1477.74,467.53,1478.03,464.6,1476.62,450.31,1472.45,436.57,1465.68,423.91,1456.58,412.81,1445.48,403.7,1432.81,396.93,1419.07,392.77,1404.79,391.36,1404.05,391.43,1403.32,391.36,1389.03,392.77,1375.29,396.93,1362.63,403.7,1351.53,412.81,1342.42,423.91,1335.65,436.57,1331.49,450.31,1330.08,464.6,1330.15,465.28,1329.24,466.39,1322.47,479.05,1318.3,492.79,1316.9,507.08,1316.97,507.81,1316.9,508.55,1316.97,509.28,1316.9,510.01]","{""size"":9172840,""mimetype"":""image\/jpeg"",""width"":6000,""height"":4000,""metadata"":{""distance_to_ground"":""3.8"",""yaw"":""91.23""}}",130673
